i_g,erm,RU_val,RU,Robust_val,Robust_mean,opt,z_erm,z_RU,z_opt,z_robust,l_wass_in,l_wass_out,z_wass,l_mom_in,l_mom_out,z_mom,l_wass_mom_in,l_wass_mom_out,z_was_mom
0,5.275352102887286,5.8323071747898245,3.6841560462202665,5.835965566795722,5.27521043242144,5.832021826209526,1.1904716491699219,1.2369119875583996,1.2537002563476562,1.1907398700569816,"[  5.27521035   5.81369108   6.31221051   7.32060451   9.38295168
  13.81242252  24.2835568   52.4820602  145.32238616 548.11996323]","[  5.83596744   6.31623114   6.8147289    7.8394166    9.92819525
  14.42059647  24.99800093  53.59792293 147.94668518 556.98433551]","[1.1907248  1.91630659 2.17600059 2.5267569  2.98124742 3.57014944
 4.33317958 5.3217942  6.60271495 8.26239635]","[5.27521035 5.2832781  5.41276625 5.3054179  5.39812933 5.42854453
 5.29151151 5.28588389 5.33647509 5.45209611]","[5.83596557 5.85503072 6.03316421 5.88943615 6.01477423 6.05321308
 5.86866898 5.8595082  5.9340822  6.08257883]","[1.19073987 1.10062389 0.79346092 1.01059122 0.81547991 0.77052993
 1.06003231 1.0862414  0.92810474 0.73867178]","[[  5.27521035   5.28328576   5.412767     5.30547718   5.39817566
    5.42854139   5.29151585   5.28591647   5.33654702   5.45214874]
 [  5.81363597   5.72570255   5.37907062   5.50758192   5.51386656
    5.35102128   5.44003445   5.68864124   5.43078696   5.40436507]
 [  6.31217434   6.20584161   5.63781879   5.86703562   5.87748048
    5.58110374   5.75202509   6.15191741   5.73165247   5.68569085]
 [  7.32059482   7.15550429   6.24132016   6.619807     6.63593524
    6.14237951   6.43184402   7.07098979   6.40261336   6.32185534]
 [  9.38301722   9.11670582   7.58503457   8.23361127   8.26090536
    7.41075296   7.91375501   8.98082313   7.8564317    7.72476187]
 [ 13.81227914  13.35609129  10.67300609  11.82460448  11.87207981
   10.35767015  11.26032013  13.12210978  11.15627943  10.92362008]
 [ 24.28319626  23.40659662  18.19471092  20.44476968  20.53860613
   17.57181147  19.34533519  22.95487025  19.14372343  18.68588903]
 [ 52.4848615   50.52362843  38.85270379  43.91062307  44.11374495
   37.45301549  41.4376768   49.52204422  40.98352125  39.95777223]
 [145.32431888 139.82733817 107.11161577 121.2700542  121.85667677
  103.15741773 114.34757407 137.02629867 113.03817217 110.19227542]
 [548.17032388 527.2517586  403.70788626 457.20631959 459.46529895
  388.80165343 431.08519945 516.78232629 426.13307418 415.38745563]]","[[  5.83597084   5.85504402   6.03316515   5.88952173   6.01483202
    6.05320911   5.86867589   5.85956131   5.93418229   6.08264462]
 [  6.3161771    6.23072791   5.90676795   6.02348818   6.02931381
    5.88289622   5.96154677   6.19513656   5.95313182   5.9290945 ]
 [  6.81469231   6.70698146   6.1468185    6.36847422   6.37875111
    6.09267651   6.25614099   6.65253314   6.23645394   6.19230555]
 [  7.83940674   7.67203052   6.74298077   7.12730799   7.14369803
    6.64290888   6.93584352   7.58634189   6.90623139   6.82448922]
 [  9.92826163   9.65862355   8.10796139   8.76470827   8.79242445
    7.93124405   8.44084515   9.52094283   8.38292993   8.24942428]
 [ 14.42045088  13.95726326  11.2354719   12.40344913  12.4515268
   10.91625987  11.83088106  13.71932663  11.72548677  11.48955769]
 [ 24.99763651  24.11167043  18.85039885  21.11907817  21.21384916
   18.22280358  20.00957938  23.65484044  19.80631275  19.34495849]
 [ 53.60077082  51.60712768  39.75447832  44.88839147  45.09466566
   38.33474839  42.37765125  50.5891601   41.91668183  40.87570045]
 [147.94864882 142.36391542 109.13483033 123.51322988 124.10904818
  105.1199823  116.48270542 139.5182967  115.15296919 112.26299944]
 [557.03548747 535.78834574 410.30986436 464.6445849  466.93893171
  395.17113346 438.11481518 525.15455492 433.08528241 422.17177856]]","[[1.19069754 1.10057923 0.79345982 1.01040757 0.81540909 0.77053437
  1.06001383 1.08607801 0.92794233 0.73860248]
 [1.91627159 1.85792862 1.52225969 1.67850462 1.68471066 1.47600163
  1.60506581 1.8315889  1.59374965 1.55893009]
 [2.17598479 2.12786359 1.79344861 1.94917477 1.95542607 1.74669763
  1.87594959 2.10221739 1.8620433  1.82943391]
 [2.52675414 2.4786622  2.14431377 2.30009648 2.30608111 2.09758257
  2.22653727 2.4529742  2.21449701 2.18020499]
 [2.981259   2.93309635 2.59887214 2.75465562 2.7607013  2.55207151
  2.68104213 2.90760026 2.66725594 2.63468218]
 [3.57013462 3.52199187 3.18767271 3.34361444 3.3495826  3.14084806
  3.26994034 3.4964443  3.25582327 3.22354355]
 [4.33316017 4.28502758 3.9508108  4.10651755 4.11259857 3.90385629
  4.03291644 4.25943643 4.0189241  3.98653948]
 [5.32186186 5.27357071 4.93936038 5.0953444  5.10121702 4.89248859
  5.02152575 5.24816576 5.0074785  4.97515386]
 [6.6027316  6.55444872 6.22056194 6.37611362 6.3821587  6.17341896
  6.30247659 6.52910876 6.28804614 6.25609537]
 [8.26251119 8.21387632 7.88014308 8.03569707 8.04185791 7.83311529
  7.96216082 8.18880582 7.94771823 7.91579327]]"
1,3.549162161353709,5.953783339607941,2.454222238696981,5.967877915362435,3.5490853362616557,5.832021826209526,0.8768081665039062,0.8974906433740408,1.2537002563476562,0.8770395076901752,"[  3.54908526   4.00389688   4.44356001   5.29679965   7.00546336
  10.66571131  19.12679002  41.87036605 116.52055962 439.58284184]","[  5.96788364   5.9694036    6.27071007   6.96143103   8.48441438
  11.90807281  20.1601131   42.71791498 117.43728066 441.72712971]","[0.87703141 1.61528664 1.88601204 2.23678742 2.69128238 3.28016549
 4.04317351 5.03179282 6.31273367 7.97243174]","[3.54908526 3.56673027 3.55572874 3.55124955 3.6080915  3.56081961
 3.55884233 3.56961936 3.58242196 3.58242268]","[5.96787792 5.88156322 6.04601262 6.00788695 5.84262184 5.89513363
 6.06455641 6.11544461 6.16374061 6.16374311]","[0.87703951 1.02809944 0.77864617 0.8239983  1.15013724 0.99864244
 0.75799679 0.70507379 0.65891849 0.65891619]","[[  3.54908526   3.56671651   3.55572854   3.55123561   3.60808121
    3.5608454    3.55884116   3.56962444   3.5773434    3.57477466]
 [  4.00389683   3.95724785   3.90435749   3.91224301   3.79390709
    4.20654809   3.85072604   3.79710163   3.75691945   3.75904014]
 [  4.44356012   4.37318837   4.29158342   4.30373677   4.11732395
    4.73664497   4.20791282   4.12243509   4.05369717   4.05316299]
 [  5.29679991   5.19015885   5.06529498   5.08409652   4.78965493
    5.73609975   4.93384693   4.79776539   4.69165706   4.68441214]
 [  7.00546337   6.83644961   6.6368056    6.66708066   6.19602613
    7.70050952   6.4246523    6.20943185   6.01258393   6.02106965]
 [ 10.66574065  10.37807957  10.03730954  10.08891834   9.27277231
   11.82576497   9.67253195   9.29615347   8.95277022   8.94933423]
 [ 19.12680161  18.58339118  17.93822605  18.03593529  16.4906174
   21.32143601  17.24608662  16.53390151  15.86626155  15.86127619]
 [ 41.87039999  40.65886305  39.21614821  39.43588946  35.9802278
   46.72997722  37.65687816  36.07749041  34.57693598  34.55908764]
 [116.52061423 113.12650308 109.11388917 109.72006282 100.065298
  130.09485826 104.72979142 100.33668018  96.09090366  96.11121052]
 [439.59415858 426.81744827 411.59468572 413.92692117 377.50689462
  490.78609236 395.1077424  378.52744534 362.49480772 362.46375633]]","[[  5.96790481   5.88159059   6.0460113    6.00773399   5.84262666
    5.89506551   6.06454984   6.11546562   6.14557168   6.13594794]
 [  5.96940357   5.94220314   5.91308505   5.9172599    5.86200429
    6.09977594   5.8863126    5.86322754   5.84920937   5.84987057]
 [  6.27071016   6.21863772   6.15961091   6.16838203   6.03988624
    6.49861185   6.10071992   6.04321777   5.99959548   5.99926627]
 [  6.96143125   6.8709127    6.76610143   6.78176674   6.54112998
    7.34109848   6.65788572   6.54766102   6.46288824   6.45714595]
 [  8.48441439   8.32956415   8.14793272   8.17536301   7.74856795
    9.12082895   7.95530446   7.76063412   7.58456699   7.59210593]
 [ 11.9081009   11.63302495  11.30794109  11.35708334  10.58421153
   13.02215275  10.96159431  10.60621621  10.28361952  10.28039796]
 [ 20.1601245   19.62495283  18.99050916  19.08652412  17.56922932
   22.32064259  18.31033955  17.61164105  16.95761014  16.9527283 ]
 [ 42.71794883  41.50997614  40.07218361  40.29112508  36.8503523
   47.56523873  38.51914128  36.9471237   35.4546759   35.43693101]
 [117.4373354  114.03493032 110.01293673 110.62049661 100.94511844
  131.04759889 105.6191669  101.21703454  96.96323923  96.98358269]
 [441.73849422 428.90792956 413.621205   415.9632249  379.39112188
  493.14753722 397.06526428 380.41591163 364.31684021 364.28566051]]","[[0.8770015  1.02803632 0.77864766 0.8241893  1.15011356 0.99878213
  0.75800396 0.70505292 0.67587892 0.68505305]
 [1.6152866  1.57841661 1.53315566 1.54011526 1.4249865  1.7531106
  1.48322524 1.42840268 1.38377653 1.38623112]
 [1.88601209 1.84913213 1.80384101 1.8108393  1.69572819 2.023904
  1.75395632 1.69913767 1.65193335 1.65155358]
 [2.23678751 2.19987626 2.15467957 2.16161776 2.04649183 2.37484516
  2.10478146 2.04989213 2.00428244 2.00106998]
 [2.69128238 2.65437124 2.60913243 2.61610782 2.50098104 2.82962376
  2.55858774 2.50444819 2.45243392 2.45472643]
 [3.28016919 3.24328635 3.19802538 3.20498966 3.08986164 3.41807519
  3.14762381 3.09331725 3.04148774 3.04095706]
 [4.04317428 4.00629891 3.96104301 3.96800411 3.85288114 4.18141493
  3.91051878 3.85625703 3.80308338 3.80267725]
 [5.03179383 4.99495031 4.94960893 4.95662215 4.84149017 5.16946364
  4.89867825 4.84488023 4.79152507 4.79087651]
 [6.31273426 6.27578236 6.23063924 6.2375643  6.12242769 6.45047883
  6.17937852 6.12581317 6.07176732 6.07203146]
 [7.97246392 7.9355945  7.89019787 7.8972608  7.78213504 8.11015947
  7.83909712 7.78550973 7.73141169 7.73130461]]"
2,6.208861442414653,5.87486267760536,4.899511607237551,5.83661922265437,6.208687053344313,5.832021826209526,1.3212889432907104,1.4579611771859025,1.2537002563476562,1.3213105233123978,"[  6.20868677   6.78955408   7.29909021   8.41154135  10.65209618
  15.45535361  26.76880917  57.25237852 157.77547929 593.646005  ]","[  5.83661858   6.49125875   7.01665934   8.14829411  10.4200509
  15.26069028  26.5998379   57.18604586 157.99830703 594.95568178]","[1.32130582 2.01991507 2.25844926 2.60922467 3.06371921 3.65260257
 4.41561064 5.40423005 6.68517072 8.344869  ]","[6.20868678 6.60998685 6.52515547 6.4181346  6.42147286 6.47372976
 6.80207028 6.42482114 6.65266277 6.6021588 ]","[5.83661922 6.12877192 6.05762929 5.9709719  5.97359662 6.01543336
 6.29507474 5.97622028 6.16515032 6.1221527 ]","[1.32131052 0.69198457 0.76561468 0.87268967 0.86903607 0.81467286
 0.54758558 0.86541635 0.65762134 0.69844965]","[[  6.20868677   6.60998675   6.52513173   6.418132     6.42147526
    6.47345444   6.7994329    6.42503861   6.65132053   6.60247275]
 [  6.78951665   6.23404346   6.30026827   6.27288197   6.32520368
    6.20951519   6.20968117   6.35762317   6.26586742   6.23156092]
 [  7.29909029   6.4108918    6.55575562   6.49855336   6.60788527
    6.3125189    6.31388497   6.67009642   6.48597883   6.40379888]
 [  8.41153193   6.92046702   7.20165707   7.09416404   7.29398854
    6.70102986   6.70431092   7.40198506   7.07021204   6.90561489]
 [ 10.65209797   8.16806164   8.66516464   8.47821623   8.82709566
    7.75933568   7.76563981   9.0255867    8.43574725   8.14057332]
 [ 15.45535344  11.09016041  11.98312372  11.64974846  12.27121831
   10.33714369  10.34897348  12.62811365  11.57359375  11.03951897]
 [ 26.7687895   18.30149376  20.0626739   19.41008321  20.6316343
   16.80006072  16.82346308  21.34522225  19.25985338  18.20239797]
 [ 57.2523167   38.22993281  42.20459278  40.73776629  43.48248129
   34.81869447  34.87200673  45.08420578  40.39818392  38.0050288 ]
 [157.77284073 104.39399642 115.57993296 111.43535848 119.17321432
   94.77546706  94.9248132  123.66975987 110.48125252 103.74755942]
 [593.64358873 391.79729868 434.17927961 418.49448106 447.75302128
  355.46723772 356.03133465 464.75991597 414.87299289 389.40551341]]","[[  5.83661858   6.12877184   6.05760964   5.97096986   5.9735985
    6.01520889   6.29277159   5.97639068   6.16400048   6.12241746]
 [  6.49121997   5.87924026   5.95648411   5.92491529   5.9851726
    5.84057754   5.84102734   6.02277789   5.91685135   5.87608889]
 [  7.01665942   6.08393697   6.24381907   6.18137931   6.29987638
    5.97056347   5.97213342   6.36624779   6.16753911   6.07588097]
 [  8.14828458   6.62619054   6.91614983   6.80502027   7.01145098
    6.39894185   6.40241489   7.12194695   6.78025943   6.61099884]
 [ 10.42005272   7.9015357    8.40489833   8.21574606   8.5689838
    7.48653266   7.49295887   8.77037488   8.17277342   7.87362118]
 [ 15.26069011  10.86305978  11.76651994  11.42944701  12.05769731
   10.10068187  10.11268413  12.41783295  11.35244101  10.81185254]
 [ 26.59981821  18.11750324  19.88129978  19.22769104  20.45133922
   16.61144392  16.63493967  21.16549704  19.07727307  18.01821051]
 [ 57.1859839   38.09405908  42.08377362  40.61126037  43.36672697
   34.67097469  34.72446244  44.97492485  40.27038159  37.86833969]
 [157.9956605  104.45707964 115.6760614  111.51920067 119.28002875
   94.81048942  94.96026814 123.7899838  110.562273   103.80874575]
 [594.95325957 392.61131593 435.09729707 419.37399721 448.7043608
  356.19224757 356.75772518 465.75301103 415.74362093 390.21366678]]","[[1.32130582 0.69198466 0.76563645 0.87269253 0.86903346 0.81494755
  0.54939685 0.86518236 0.65867917 0.69818971]
 [2.01989396 1.46798853 1.59830581 1.55243045 1.63490649 1.34574206
  1.34811195 1.67774108 1.53944213 1.46082118]
 [2.25844929 1.7386723  1.86728873 1.82102833 1.90561247 1.61676913
  1.61876534 1.94781162 1.81017112 1.73114038]
 [2.60922224 2.08945501 2.21855156 2.17179411 2.25643251 1.96751788
  1.96957319 2.29812905 2.1609531  2.08198346]
 [3.0637195  2.54395983 2.67250907 2.626282   2.71084884 2.42204778
  2.42407329 2.75589474 2.61545156 2.53627038]
 [3.65260256 3.13284157 3.26134116 3.21516396 3.29971802 3.01091767
  3.01295101 3.34540335 3.20433367 3.12507789]
 [4.41560966 3.8957914  4.02410523 3.97816484 4.0627692  3.77392859
  3.77593068 4.10949991 3.96733519 3.88813565]
 [5.40422867 4.88436195 5.01258888 4.96680538 5.05113587 4.76254874
  4.76454833 5.09781141 4.9559594  4.87669157]
 [6.68514972 6.1654605  6.29374275 6.2477378  6.33229868 6.04349498
  6.04548296 6.37892517 6.23690232 6.15762743]
 [8.34486391 7.82498538 7.95351589 7.90747593 7.99203428 7.70319447
  7.70517918 8.03867724 7.89660023 7.81732224]]"
3,7.812055480398495,5.9774190176558495,5.834923431164594,5.90582388790394,7.811824645956522,5.832021826209526,1.5203475952148438,1.6254004746804684,1.2537002563476562,1.5205906530414384,"[  7.81182427   8.50474419   9.10096802  10.36967723  13.00046816
  18.65841081  31.93679721  68.03290363 187.1540422  703.68768419]","[  5.9058116    6.95682423   7.66241163   9.06064475  11.84520124
  17.66775911  31.16367539  67.3818554  186.52744633 702.70455012]","[1.52056886 2.23495226 2.47581637 2.81734913 3.27184448 3.86070903
 4.62373453 5.61234877 6.8932752  8.55300542]","[7.81182427 8.01250999 8.04744288 8.83628159 8.54451518 8.22925732
 8.56756724 8.70034684 8.23571174 8.3670337 ]","[5.90582389 5.85312891 5.86453008 6.28960613 6.11105323 5.94149843
 6.12452974 6.20480023 5.94464138 6.01175638]","[1.52059065 1.10714645 1.07142105 0.55189334 0.70945084 0.91627076
 0.69611994 0.62215486 0.91137291 0.81919307]","[[  7.81182427   8.01240099   8.04733038   8.83591432   8.54449601
    8.22941506   8.56756213   8.70184797   8.23584925   8.37115197]
 [  8.50474991   7.91399045   7.87006382   7.83772556   7.81269416
    7.83126498   7.86973625   7.8246415    7.81337654   7.81195323]
 [  9.10095963   8.21305493   8.12091483   7.83076972   7.93025677
    8.01589008   7.81543316   7.84694947   7.88404126   7.90117013]
 [ 10.36963556   8.94719656   8.77732416   8.10508635   8.37823075
    8.5682006    8.02792909   8.16159641   8.27028326   8.31331986]
 [ 13.00049169  10.64154271  10.3397155    9.01778545   9.57675613
    9.95378848   8.82232909   9.14555403   9.36771265   9.4600911 ]
 [ 18.65866565  14.5282774   13.97550295  11.47905875  12.60194974
   13.27015795  11.1333761   11.73178755  12.16916867  12.34112004]
 [ 31.93748836  23.98255707  22.91055561  17.91386435  20.18354253
   21.51307654  17.21341868  18.43373486  19.30937904  19.66171988]
 [ 68.03905782  50.01980008  47.57973647  36.07988684  41.3258593
   44.37950892  34.46361153  37.3145192   39.30872023  40.12067814]
 [187.17666094 136.61420107 129.76031176  97.31048018 112.1288639
  120.73792611  92.71287644 100.80631735 106.43024907 108.73045974]
 [703.77512877 512.61993961 486.70264231 364.04967243 420.12346034
  452.68015666 346.68534091 377.28733916 398.56639745 407.26781541]]","[[  5.90581332   5.85309569   5.86449078   6.28937618   6.11104206
    5.94157517   6.12452675   6.20572435   5.94470837   6.01394408]
 [  6.95683121   6.15454568   6.07737695   5.84594583   5.92344126
    5.99244628   5.83413216   5.85794829   5.88728546   5.90071718]
 [  7.66240201   6.58790736   6.46388555   5.99111694   6.1810637
    6.31321262   5.94055365   6.03038212   6.10338761   6.13313433]
 [  9.06059949   7.48406684   7.28399979   6.44178959   6.8001532
    7.03384396   6.33104476   6.5192836    6.66265929   6.71805985]
 [ 11.84522577   9.35408748   9.02809815   7.56645371   8.19451173
    8.60800022   7.33731011   7.71324235   7.9626263    8.0652555 ]
 [ 17.66801994  13.43039093  12.85940455  10.24902638  11.42901367
   12.12622975   9.88139556  10.51623699  10.97581184  11.15608435]
 [ 31.16437262  23.10126459  22.00920472  16.90545055  19.22781637
   20.58466337  16.18781531  17.43777666  18.33385967  18.69424798]
 [ 67.3880193   49.33504861  46.88775644  35.34084653  40.61089359
   43.67609287  33.71220951  36.58308266  38.58574826  39.40096702]
 [186.55005648 136.00183214 129.14889846  96.69631528 111.51848123
  120.12731869  92.09394234 100.19527047 105.81967825 108.11999807]
 [702.79192348 511.78771088 485.88992172 363.3243497  419.35933759
  451.89257088 345.97154971 376.55306308 397.81744612 406.51277605]]","[[1.52057191 1.10726289 1.07153251 0.55207502 0.70946201 0.91615036
  0.69612287 0.62135031 0.91126924 0.81649835]
 [2.23495504 1.799753   1.73254907 1.37088952 1.5501016  1.64359488
  1.29961393 1.4131178  1.48523904 1.51136304]
 [2.47581352 2.07046379 2.00483868 1.64202279 1.8207834  1.91434816
  1.57603404 1.68583807 1.75633772 1.78207412]
 [2.81733985 2.42126928 2.35554954 1.99239597 2.16967606 2.26506602
  1.92582018 2.03498551 2.10706004 2.13296731]
 [3.27184774 2.87581579 2.81064719 2.44690062 2.62094617 2.71974234
  2.37357893 2.49075074 2.56056135 2.58778122]
 [3.86072968 3.46462416 3.39896549 3.03577515 3.21510332 3.3085588
  2.97304824 3.07911514 3.14973998 3.17621654]
 [4.62376376 4.22767741 4.16244786 3.79873674 3.97817382 4.07163353
  3.7372268  3.84235559 3.91230252 3.93930166]
 [5.61246459 5.21613195 5.15112152 4.7873587  4.96679376 5.06025315
  4.72614073 4.83207827 4.90090645 4.92785546]
 [6.8934271  6.49706656 6.43215237 6.06829645 6.24772969 6.34119256
  6.00687647 6.11304378 6.18176434 6.20881307]
 [8.55316088 8.15656111 8.0916163  7.72799869 7.9074322  8.00089021
  7.66676749 7.77274131 7.84146465 7.86851286]]"
4,7.26064481251285,5.99224508272665,5.813233911067016,5.87019015791806,7.26043597315953,5.832021826209526,1.4463424682617188,1.6433573847401037,1.2537002563476562,1.4466575705883535,"[  7.26043557   7.97316407   8.56417848   9.8376405   12.4126558
  17.96173738  30.93961383  65.90880543 181.26686396 681.80453845]","[  5.87018118   6.83764314   7.48274804   8.81648     11.46704168
  17.03249905  29.96221347  64.70088117 179.03099928 674.38110517]","[1.44663517 2.18583287 2.42085262 2.76591814 3.22041233 3.80929595
 4.57230405 5.5609184  6.84186435 8.50156241]","[7.26043557 7.64676286 7.69139347 7.75996733 7.74443144 8.09767032
 7.53949483 7.97622606 8.30315293 8.30314002]","[5.87019016 5.99485198 6.02366759 6.06926348 6.05886801 6.30628964
 5.92927092 6.21867682 6.45671283 6.45670331]","[1.44665757 0.8405731  0.80470537 0.75288206 0.76424432 0.53882657
 0.93600591 0.61017208 0.42968653 0.42969301]","[[  7.26043557   7.64676289   7.69170212   7.75997809   7.7444276
    8.09777108   7.53972956   7.97635576   8.29360265   7.84161314]
 [  7.97311061   7.27285335   7.26354631   7.28429134   7.26105378
    7.27912435   7.3448601    7.26800742   7.27607178   7.2761087 ]
 [  8.56418423   7.42853808   7.38241875   7.46999365   7.35961475
    7.28164303   7.26048897   7.45769082   7.28517185   7.28525698]
 [  9.83761321   7.95182338   7.84706833   8.04006901   7.80270689
    7.55400111   7.39698959   7.62197824   7.5679509    7.56810098]
 [ 12.41264534   9.2744337    9.07726146   9.43799266   8.97223845
    8.48255723   8.1003494    8.62663264   8.51142364   8.511373  ]
 [ 17.96169481  12.40208874  12.03871178  12.70134784  11.84290594
   10.91041728  10.14834627  11.18960377  10.96891943  10.9685938 ]
 [ 30.93952018  20.21486135  19.48597545  20.80517357  19.0941279
   17.19488863  15.60283063  17.7735312   17.31571908  17.31483119]
 [ 65.90865486  41.76998413  40.11501659  43.11410771  39.22343183
   34.88398175  31.22093696  36.20918885  35.15748581  35.15727561]
 [181.26149015 113.46770634 108.80065345 117.2445508  106.28209999
   94.03437415  83.6723824   97.77749825  94.80477738  94.80652551]
 [681.80424095 425.34118865 407.69366268 439.69519623 398.18717037
  351.78009417 312.50148414 365.96345708 354.70446117 354.70054223]]","[[  5.87015139   5.994852     6.02386915   6.06927068   6.05886543
    6.30636305   5.92940588   6.21876894   6.44968228   6.12445412]
 [  6.83758312   5.92595754   5.89543308   5.95444469   5.8807829
    5.83595715   5.83926239   5.84469607   5.83756312   5.83754094]
 [  7.48275421   6.18613472   6.12126108   6.24230079   6.08768079
    5.94826281   5.86708762   6.22580833   5.95645892   5.95664954]
 [  8.81645169   6.81367801   6.69552718   6.91244666   6.64488615
    6.35000771   6.14210141   6.43265604   6.36702772   6.36721068]
 [ 11.46703104   8.23062154   8.02479106   8.40082647   7.91440194
    7.39516529   6.97969155   7.54943811   7.42614284   7.4260885 ]
 [ 17.03245654  11.45629959  11.08583316  11.75960691  10.88586299
    9.92772428   9.13883942  10.21586156   9.9882241    9.98788736]
 [ 29.96212032  19.28208411  18.55436884  19.87142558  18.16313911
   16.26682618  14.67620469  16.8445809   16.38747018  16.38658366]
 [ 64.7007318   40.72999759  39.08503523  42.06588925  38.19877948
   33.88460632  30.24200326  35.20221155  34.15655034  34.15634134]
 [179.02567747 111.86237989 107.23552121 115.60655806 104.73857644
   92.59498272  82.31967974  96.30646262  93.35888622  93.3606196 ]
 [674.3808108  420.60453198 403.14141232 434.80849043 393.73422705
  347.81158958 308.94248258 361.84695734 350.70544684 350.70156879]]","[[1.44656088 0.84057308 0.80446397 0.75287427 0.76424717 0.53876956
  0.93578174 0.61009323 0.43448706 0.69619391]
 [2.18580729 1.55406547 1.501432   1.59554182 1.47140739 1.31628283
  1.16822206 1.36555181 1.32788466 1.32773694]
 [2.42085457 1.82470413 1.77197508 1.86621169 1.74212827 1.58701214
  1.43875414 1.85436727 1.59827181 1.59852896]
 [2.76591202 2.17554645 2.122547   2.21704034 2.09853737 1.93777064
  1.78955856 1.98717806 1.9482895  1.94840155]
 [3.22041085 2.6300017  2.57714645 2.67153761 2.5474819  2.3927076
  2.24401821 2.44166983 2.40277101 2.40275346]
 [3.80929243 3.21891527 3.16597618 3.26041349 3.13628075 2.98116523
  2.83326762 3.03026895 2.99166995 2.99161178]
 [4.57229998 3.98205669 3.92889566 4.02342428 3.89929341 3.74416057
  3.59587081 3.79364372 3.7546687  3.75459183]
 [5.56091548 4.97056097 4.91748161 5.01204291 4.88790434 4.7327677
  4.58447627 4.78226517 4.74314885 4.7431409 ]
 [6.84182709 6.25160084 6.19848218 6.29298734 6.16884622 6.01371194
  5.86541788 6.06320966 6.02406179 6.02408518]
 [8.50156187 7.91114093 7.85809509 7.95268534 7.82855823 7.67340435
  7.52511569 7.72290086 7.68377143 7.6837576 ]]"
5,3.6530942189715274,5.944014986077954,2.5072331271783592,5.949795695102729,3.65301275198534,5.832021826209526,0.9033203125,0.9123437123240417,1.2537002563476562,0.9034817240459764,"[  3.6530126    4.12467431   4.58065798   5.45244832   7.20036779
  10.92491626  19.51672364  42.54507238 118.38937187 446.63303884]","[  5.94979725   5.97824426   6.28715615   6.98963216   8.53234222
  11.99298082  20.32505728  43.09027192 118.48280867 445.6781868 ]","[0.90347937 1.62642483 1.89715027 2.24792566 2.70242062 3.29130372
 4.05431171 5.04293102 6.32387202 7.98356998]","[3.6530126  3.65310051 3.65323417 3.68980779 3.71868827 3.66644902
 3.68180556 3.6821501  3.70984974 3.72524062]","[5.9497957  5.94555609 5.96222241 6.1431269  6.22650398 6.0563221
 6.11624005 6.11744836 6.20274224 6.24388444]","[0.90348172 0.90995995 0.88511622 0.67819658 0.6035036  0.76706472
 0.7042844  0.70308733 0.62394999 0.58891818]","[[  3.6530126    3.65309899   3.6532377    3.6896824    3.71868275
    3.66643162   3.68182157   3.68213789   3.70915187   3.79572107]
 [  4.12467431   4.11999814   4.11297429   4.00675906   3.79388756
    4.0573358    4.02533134   4.02683751   3.88754234   4.03492804]
 [  4.58065823   4.57385712   4.56359035   4.40527161   4.05913883
    4.48171323   4.43338838   4.43634709   4.21453128   4.44791596]
 [  5.45244834   5.44222224   5.4267817    5.18825478   4.64264929
    5.30412457   5.23047712   5.23517002   4.89016741   5.2525096 ]
 [  7.20036786   7.18398616   7.15923847   6.7744978    5.88854067
    6.96296189   6.84379641   6.8516226    6.29143467   6.87923386]
 [ 10.92492274  10.89742776  10.85590399  10.20669753   8.6648941
   10.52426387  10.32378763  10.33643066   9.37322179  10.38337324]
 [ 19.51675592  19.46504338  19.38696398  18.16257805  15.24224989
   18.76306776  18.38476061  18.41379204  16.58454103  18.49825026]
 [ 42.54508328  42.42980439  42.25556535  39.52309302  33.00013026
   40.86497289  40.02062577  40.08523158  35.99130544  40.27484618]
 [118.39057809 118.06659848 117.5789361  109.91611185  91.61917984
  113.67705376 111.31702461 111.49964025 100.01794825 112.03067639]
 [446.63319534 445.41554365 443.57470951 414.71134596 345.64576155
  428.7708887  419.95393008 420.6414173  377.32823443 422.64446989]]","[[  5.94979488   5.94559474   5.962339     6.14272514   6.22648924
    6.05624509   6.11629622   6.11740557   6.2007989    6.40931736]
 [  5.97824427   5.97550477   5.9714017    5.91345909   5.83476622
    5.94006195   5.92300872   5.92379484   5.86021875   5.92803018]
 [  6.28715634   6.28208165   6.27444669   6.16054794   5.94104068
    6.21463172   6.18023633   6.18232515   6.03339325   6.19051545]
 [  6.98963218   6.98094776   6.96785658   6.76800027   6.33372406
    6.86460815   6.80300171   6.80690666   6.52602229   6.82135952]
 [  8.53234228   8.51760195   8.49533825   8.15051182   7.36560665
    8.31879161   8.21234711   8.21932218   7.72160275   8.24394208]
 [ 11.99298696  11.96687456  11.92745327  11.31253781   9.8695755
   11.61325573  11.42336951  11.43534651  10.52861245  11.47983227]
 [ 20.32508895  20.27435882  20.19777355  18.99860561  16.14996662
   19.58629434  19.21594898  19.24435715  17.45662321  19.32701406]
 [ 43.09028274  42.97585286  42.80290464  40.09004656  33.61873674
   41.42263152  40.58406322  40.64821869  36.58586022  40.83651949]
 [118.48400948 118.16148176 117.67600972 110.04845559  91.84375166
  113.79187961 111.44279446 111.62455741 100.19858332 112.15311959]
 [445.67834287 444.46407901 442.62836888 413.84573987 344.97724169
  427.86585884 419.07360082 419.75915936 376.56851783 421.75659522]]","[[0.90348296 0.90990037 0.884948   0.67857828 0.6035161  0.76715028
  0.7042287  0.70312968 0.62564948 0.46256926]
 [1.62642484 1.62301244 1.61783644 1.53378667 1.30601859 1.57532015
  1.54941451 1.550662   1.41986979 1.55728896]
 [1.8971504  1.89373776 1.88856281 1.80459348 1.57673949 1.84618408
  1.82014074 1.82176161 1.68899836 1.82806646]
 [2.24792567 2.24451311 2.23933968 2.15552419 1.92752393 2.19723563
  2.17091643 2.17261335 2.03855675 2.17885949]
 [2.70242063 2.69900893 2.69383257 2.60979054 2.38299001 2.65174866
  2.62542997 2.6271776  2.49318276 2.63331995]
 [3.29130452 3.28789112 3.28271779 3.19867872 2.97096703 3.24058703
  3.21431313 3.21598924 3.0810798  3.22219218]
 [4.05431384 4.0508993  4.04572583 3.96163159 3.73389057 4.00359027
  3.977323   3.97935867 3.84387047 3.98526182]
 [5.04293134 5.03951915 5.03434398 4.95018262 4.72253255 4.99224303
  4.96594353 4.96797558 4.83217646 4.97392047]
 [6.32388476 6.32045941 6.31528571 6.23104515 6.00344913 6.27310029
  6.24687609 6.24892504 6.1130854  6.25486425]
 [7.98357041 7.9801579  7.97498113 7.89087674 7.66316638 7.93255173
  7.9065796  7.90862425 7.77279265 7.91456249]]"
6,4.762832096316611,5.840473138056723,3.3614212512927053,5.84698701587773,4.762704337298734,5.832021826209526,1.1302947998046875,1.161302114584635,1.2537002563476562,1.1304808590929831,"[  4.76270432   5.25884848   5.75269946   6.72153049   8.67689394
  12.81792802  22.53589209  48.74985218 135.09846791 509.48880216]","[  5.84699849   6.16694928   6.60786196   7.51570729   9.40541201
  13.5199506   23.27250228  49.72586579 137.09812869 516.01545333]","[1.13043325 1.80970301 2.08043022 2.43120469 2.88569977 3.47458354
 4.2375914  5.22620397 6.50714468 8.1668499 ]","[4.76270432 4.76528887 4.7670728  4.76379045 4.8827247  4.8115716
 5.05061627 4.78969205 4.96871144 5.076429  ]","[5.84698702 5.86286093 5.86917486 5.84057566 6.07535987 5.96152558
 6.31205725 5.92282    6.19843699 6.34761638]","[1.13048086 1.07621402 1.05868437 1.16073952 0.74632948 0.88612304
 0.5343604  0.94690289 0.62772076 0.50737253]","[[  4.76270432   4.76527905   4.76709173   4.76379039   4.88262925
    4.81157181   5.0505789    4.78798685   4.96792041   5.06616288]
 [  5.2588512    5.18785803   5.14759059   5.18738691   5.106708
    5.05148085   4.79801139   5.10365092   4.8794118    4.82244676]
 [  5.75269627   5.64776134   5.58725992   5.64709415   5.5234017
    5.43635961   4.97716263   5.5198926    5.14285252   5.03101969]
 [  6.72152747   6.55844077   6.46379877   6.55737196   6.36349949
    6.22469181   5.44810908   6.35591078   5.74495742   5.54555882]
 [  8.67688401   8.41836612   8.26640861   8.41672913   8.10407192
    7.87849337   6.55395138   8.08865408   7.07740262   6.7224797 ]
 [ 12.81792792  12.38013792  12.12225793  12.37735984  11.84644972
   11.46196822   9.13916426  11.82251538  10.07253916   9.44343498]
 [ 22.53589283  21.69978811  21.20544208  21.69445457  20.67578484
   19.93521681  15.42534173  20.62461978  17.24720453  16.04321149]
 [ 48.75008256  46.87550305  45.76431955  46.86207664  44.57465088
   42.91091288  32.75369033  44.55065682  36.86230835  34.14309595]
 [135.09835806 129.85798132 126.74107601 129.81341385 123.41119207
  118.75432903  90.25568636 123.25161658 101.78580047  94.17550642]
 [509.48638518 489.88268107 477.93687995 489.57711831 465.34601195
  447.75248951 340.02230523 463.9798653  383.6284317  354.89410489]]","[[  5.84697762   5.8628226    5.86923812   5.84057581   6.07521412
    5.96152594   6.31200547   5.91935603   6.19734072   6.33348258]
 [  6.16695159   6.10763378   6.07442639   6.10724633   6.04056854
    5.99641796   5.83457778   6.03806875   5.87387067   5.84323012]
 [  6.60785903   6.51145205   6.45612233   6.51084039   6.3983265
    6.32036262   5.93979851   6.39515753   6.07050338   5.98047344]
 [  7.51570442   7.36138324   7.27152153   7.36037311   7.17648718
    7.04608774   6.33079225   7.1693274    6.60075593   6.41836306]
 [  9.40540228   9.15274635   9.00451698   9.15115077   8.84660927
    8.62785736   7.35714083   8.83161678   7.85602998   7.51660811]
 [ 13.5199505   13.08146304  12.8230071   13.07867962  12.54673904
   12.16180179   9.85883484  12.52278711  10.77901562  10.1582622 ]
 [ 23.27250302  22.42937457  21.93125215  22.42399871  21.39788803
   20.65278065  16.12965667  21.34638451  17.95159967  16.74655627]
 [ 49.72609855  47.83247296  46.71028651  47.81891228  45.50909471
   43.82972417  33.57178188  45.48487106  37.71884007  34.9734907 ]
 [137.09801756 131.79646949 128.64339174 131.75138363 125.27255886
  120.55857437  91.71324221 125.11101972 103.38558719  95.68181748]
 [516.01300663 496.16843645 484.07598292 495.85912124 471.33065418
  453.52150604 344.4779269  469.94775521 388.61395806 359.53012596]]","[[1.13051986 1.07632557 1.05851642 1.16073866 0.74648521 0.88612252
  0.53440038 0.95290887 0.62868431 0.51798961]
 [1.80970485 1.76010217 1.72976621 1.75975998 1.69642882 1.64825109
  1.3042014  1.69385589 1.45561651 1.35893714]
 [2.08042877 2.03080991 2.00049557 2.03048264 1.96715298 1.91897609
  1.57493696 1.96527025 1.72603777 1.6291766 ]
 [2.4312038  2.38159218 2.35127117 2.3812575  2.31791925 2.26974594
  1.92565935 2.31534934 2.07689823 1.97892155]
 [2.88569791 2.83607215 2.80576281 2.83575078 2.77241292 2.7242371
  2.38018565 2.7691865  2.53139038 2.43148586]
 [3.47458353 3.42495904 3.39464666 3.42463692 3.36130797 3.31311981
  2.96907223 3.35836994 3.12006944 3.02063659]
 [4.23759145 4.18796676 4.15765301 4.18764367 4.12431968 4.0761371
  3.73209637 4.12105109 3.88297169 3.78539489]
 [5.22620995 5.17662442 5.14627129 5.17626205 5.11293192 5.06475584
  4.720716   5.11225023 4.87158478 4.77381527]
 [6.50714366 6.45763357 6.42722741 6.45720398 6.39387964 6.34569513
  6.00165754 6.39225891 6.15248819 6.05501571]
 [8.16684397 8.11779748 8.0869384  8.11701755 8.05356661 8.00539081
  7.66135408 8.0498915  7.81218313 7.71486437]]"
7,4.724347770095054,5.841593147080637,3.700699728304573,5.885599704985555,4.724243873813194,5.832021826209526,1.0189473628997803,1.1553271872542117,1.2537002563476562,1.0189660046494495,"[  4.72424386   5.24845012   5.74979308   6.70703407   8.65993562
  12.79054426  22.41281033  48.32351362 133.59211355 502.93763479]","[  5.88559967   6.09024328   6.48263195   7.3146472    9.07591442
  12.94756827  22.17188276  47.25187961 130.15684418 489.7883945 ]","[1.01896608 1.74447802 2.01520274 2.36596293 2.82047785 3.40935808
 4.1723927  5.16101364 6.44191471 8.10161107]","[4.72424386 4.73719677 4.73446015 4.76978399 4.80738779 5.02304544
 4.84191688 4.77490225 4.90204627 4.90204593]","[5.8855997  5.94960679 5.94123066 6.02773312 6.10140419 6.43997592
 6.16127    6.03854884 6.25884069 6.25884017]","[1.018966   0.90376796 0.91669118 0.79985948 0.71918591 0.44115782
 0.66119824 0.7871985  0.57660041 0.57660084]","[[  4.72424386   4.73718693   4.7344279    4.7695838    4.80740814
    5.02301255   4.84206551   4.8106484    4.9023422    4.90165927]
 [  5.24854962   5.09342529   5.15833829   5.0153497    4.89377656
    4.76978591   4.8735398    4.89025565   4.87170345   4.87172049]
 [  5.74991924   5.52062025   5.61764435   5.39961558   5.19652469
    4.95501235   5.16109192   5.19143792   5.1577649    5.1577652 ]
 [  6.70720229   6.35750172   6.50682116   6.17080544   5.85129482
    5.43705311   5.79369726   5.84369761   5.78818631   5.78804962]
 [  8.66020808   8.09413272   8.33754386   7.78562513   7.25014866
    6.53430017   7.15200548   7.23357423   7.1422605    7.14216577]
 [ 12.79101355  11.83112095  12.24415128  11.30537681  10.37723712
    9.10584028  10.2055858   10.35157479  10.18899817  10.18904947]
 [ 22.41256469  20.58836272  21.37206018  19.58250574  17.80480607
   15.34665299  17.47508305  17.76246057  17.44422867  17.44427311]
 [ 48.32313767  44.23766666  46.00516419  41.99365527  38.00374197
   32.45801878  37.26124617  37.90818494  37.19151178  37.19149972]
 [133.5868459  122.16203208 127.10927468 115.8836064  104.70216605
   89.14043827 102.62009056 104.43615349 102.42556862 102.42563119]
 [502.9239173  459.7410048  478.56747831 436.0673295  393.84806717
  335.06802836 385.98496069 392.84280314 385.25048837 385.2491119 ]]","[[  5.88559955   5.94957732   5.94112896   6.02730556   6.10144077
    6.43992791   6.16152086   6.10725422   6.25930223   6.25823517]
 [  6.09031444   5.98308515   6.02687448   5.9337663    5.86705151
    5.83232058   5.85803578   5.86542975   5.85725167   5.85725891]
 [  6.4827365    6.2963633    6.37438214   6.20198827   6.05340028
    5.89845701   6.02876725   6.04982558   6.02648091   6.02648111]
 [  7.3147966    7.00505673   7.13688868   6.84165471   6.56755806
    6.23073528   6.5191821    6.56116428   6.51457635   6.51446217]
 [  9.07616479   8.55843214   8.78014377   8.27916044   7.79639003
    7.16122344   7.70871119   7.78155273   7.70002914   7.69994476]
 [ 12.94801376  12.03874068  12.42968653  11.54288218  10.67159724
    9.48760518  10.5110426   10.64757318  10.49554486  10.49559278]
 [ 22.17164637  20.41697553  21.17098711  19.44914488  17.74143745
   15.38496947  17.42460636  17.70073472  17.39497031  17.39501298]
 [ 47.25151468  43.2871663   45.00192952  41.1109444   37.24191402
   31.868649    36.52194622  37.14924794  36.45433562  36.45432392]
 [130.15171779 119.03397358 123.84806461 112.92496914 102.04671905
   86.91105725 100.02134079 101.78794592  99.83212004  99.83218091]
 [489.77503572 447.72157456 466.05557614 424.66731496 383.55323523
  326.31347669 375.89605641 382.57429645 375.18082072 375.1794803 ]]","[[1.01896636 0.90381263 0.91685099 0.80036681 0.71914868 0.44119095
  0.66096639 0.71326414 0.57622358 0.5770951 ]
 [1.74454309 1.63237286 1.68212416 1.56602443 1.43866008 1.23651854
  1.41338346 1.43438366 1.4109859  1.4110082 ]
 [2.01526007 1.9032883  1.95277661 1.8367666  1.70938343 1.50716553
  1.68413262 1.70581593 1.68170522 1.68170544]
 [2.36601337 2.25394927 2.30360028 2.18754058 2.06014305 1.85793394
  2.03493156 2.05686653 2.03247898 2.03241806]
 [2.82052907 2.7084294  2.75802719 2.64203649 2.514643   2.31243047
  2.4894298  2.51042687 2.4868932  2.48686851]
 [3.40941034 3.29725999 3.34687542 3.23092347 3.10351869 2.90132918
  3.07828942 3.09978159 3.075822   3.07582964]
 [4.1723783  4.06047371 4.10985214 3.99393055 3.86652859 3.66431264
  3.8412958  3.86331721 3.83890753 3.83891097]
 [5.16100377 5.0487802  5.09858028 4.9825333  4.85514989 4.65293198
  4.82991516 4.85193092 4.82751853 4.82751812]
 [6.44186525 6.32970394 6.37951441 6.26348661 6.13608658 5.93387387
  6.11085701 6.13289146 6.10847363 6.10847439]
 [8.10157696 7.98929168 8.03948949 7.92316566 7.79578479 7.59357078
  7.77055657 7.79258772 7.76817385 7.76816938]]"
8,4.648467365875706,5.848545695490328,3.507507412184854,5.881673679171916,4.648361820231572,5.832021826209526,1.0277539491653442,1.1241695351779288,1.2537002563476562,1.0278447650796583,"[  4.64836168   5.15643756   5.64485686   6.59462175   8.50300474
  12.56157556  22.05497316  47.64855501 131.92749285 496.95549906]","[  5.88167345   6.09175235   6.48514264   7.3187629    9.08265884
  12.95921725  22.19401925  47.30188449 130.30092636 490.33582276]","[1.0278453  1.74585593 2.01657784 2.3673513  2.82185662 3.41072404
 4.17373958 5.16236595 6.44330397 8.10300817]","[4.64836168 4.72603896 4.75356239 4.68323512 4.76969927 4.69957065
 4.80446344 5.0875466  5.04414029 4.9589756 ]","[5.88167368 6.07536214 6.12233778 5.99555679 6.14852165 6.02747113
 6.20398103 6.6272268  6.56449625 6.43924761]","[1.02784477 0.74632705 0.69826793 0.83966092 0.67309382 0.8001703
 0.62286886 0.32027117 0.35908049 0.44166041]","[[  4.64836168   4.72603897   4.75356285   4.68329869   4.7695749
    4.69957126   4.8044704    5.08741912   5.03751267   4.95901697]
 [  5.15642513   4.88462305   4.80377953   4.742935     4.81684344
    4.91073647   4.76447706   4.66245735   4.67745181   4.68914424]
 [  5.64487225   5.23543894   5.09524932   4.98331842   5.11832808
    5.27883576   5.02371047   4.79372895   4.8364909    4.86908209]
 [  6.59474373   5.95348975   5.72888413   5.54337424   5.76625283
    6.02015357   5.61101649   5.19353438   5.27785279   5.34154841]
 [  8.50300983   7.47013316   7.09645315   6.78167574   7.15946359
    7.57871548   6.89781815   6.15935892   6.32005015   6.42098501]
 [ 12.56184609  10.7907296   10.14101232   9.58231446  10.25099815
   10.98113323   9.78921566   8.45936758   8.74227712   8.93507641]
 [ 22.0552333   18.6667848   17.41149114  16.33127508  17.61619177
   19.03307808  16.73131071  14.13467594  14.68473894  15.07145979]
 [ 47.65213005  40.06349518  37.23966074  34.79908651  37.704248
   40.91766877  35.70393254  29.81147535  31.07576312  31.9381461 ]
 [131.93755413 110.68315348 102.80921503  95.94127504 104.08482439
  112.99246499  98.4776917   81.94922251  85.50598739  87.91690439]
 [496.97899626 416.53027337 386.91810904 361.07707185 391.77896381
  425.08786469 370.64934156 308.23176437 321.72342786 330.77729904]]","[[  5.88167355   6.07536215   6.12233853   5.99568511   6.148322
    6.02747228   6.20399206   6.6270447    6.55483409   6.43930845]
 [  6.09174325   5.90891167   5.86488      5.84070747   5.87127656
    5.92463675   5.84801514   5.84279689   5.83444769   5.83223992]
 [  6.48515567   6.15081309   6.04767213   5.97087568   6.06408095
    6.18423965   5.99787554   5.86022638   5.88153849   5.89982265]
 [  7.31887272   6.75008448   6.55652283   6.39964377   6.58844254
    6.80833498   6.45649796   6.11922513   6.18347492   6.23370605]
 [  9.08266363   8.12014157   7.77611297   7.48776542   7.83405197
    8.22064284   7.59371572   6.93112363   7.07320424   7.16330125]
 [ 12.95947835  11.25775665  10.63492194  10.10298962  10.7400798
   11.44033986  10.29951815   9.04161656   9.30814028   9.49030725]
 [ 22.19427343  18.89151403  17.6693975   16.6160243   17.86916691
   19.2476435   17.00615028  14.48244357  15.01516601  15.39037312]
 [ 47.30539705  39.8472001   37.0751741   34.68139908  37.53107808
   40.68613019  35.56864935  29.79592199  31.03403068  31.87825823]
 [130.31084392 109.36335069 101.60517759  94.83940288 102.86193895
  111.63895392  97.3379467   81.06002051  84.56204622  86.93614212]
 [490.35899412 411.01229241 381.79878154 356.306133   386.5941565
  419.45477834 365.74928839 304.17519904 317.4841973  326.41560566]]","[[1.02784505 0.74632704 0.69826719 0.83949505 0.67328191 0.80016893
  0.62285924 0.32038166 0.36519762 0.44161841]
 [1.74584763 1.52600925 1.43290998 1.34643301 1.44934649 1.55199187
  1.3792183  1.14927927 1.20439258 1.23904174]
 [2.01658497 1.7967181  1.70365162 1.61716707 1.71986172 1.82324255
  1.64994485 1.41989202 1.47306159 1.50971046]
 [2.36738831 2.14751479 2.05447767 1.96793384 2.07073305 2.17323304
  2.00070642 1.77022087 1.82265153 1.86007274]
 [2.8218576  2.60201088 2.50887604 2.42243672 2.52525552 2.62750812
  2.45521515 2.22463114 2.28001093 2.31317987]
 [3.41075464 3.19086681 3.09780831 3.01130894 3.11410003 3.21668726
  3.04410277 2.8134364  2.86688415 2.90183891]
 [4.17375504 3.95382263 3.86083875 3.77431916 3.87654955 3.97959393
  3.8071139  3.57642636 3.62911195 3.6648191 ]
 [5.16246089 4.94236024 4.84935171 4.76293871 4.86514074 4.9691748
  4.79568257 4.56501149 4.61828819 4.65332517]
 [6.44339954 6.22319233 6.13062983 6.04387899 6.14609901 6.24908718
  6.07662346 5.8459587  5.89932175 5.93423772]
 [8.10306727 7.88228276 7.79004919 7.70359444 7.80566412 7.90771686
  7.73632125 7.50565381 7.5592455  7.59396236]]"
9,4.525831332890329,5.848441889357236,3.2639406936298236,5.868690770582584,4.525719175682339,5.832021826209526,1.059722900390625,1.124580458311661,1.2537002563476562,1.0599740602770673,"[  4.52571901   5.0145193    5.49459299   6.44193005   8.36291322
  12.445063    22.00764391  47.82643683 132.57319906 499.78145201]","[  5.86872416   6.13142012   6.55048176   7.42416033   9.25586968
  13.26065932  22.77429453  48.60657876 133.96005509 504.15745206]","[1.05988483 1.78062962 2.05135523 2.4021306  2.85662551 3.44550437
 4.20851666 5.19713594 6.47807685 8.13777466]","[4.52571901 4.52710853 4.53079358 4.54833046 4.57726946 4.58522614
 4.62438871 4.71491851 4.6045567  4.54746761]","[5.86869077 5.88683729 5.90565962 5.96257747 6.03182533 6.04836782
 6.12367082 6.27206003 6.08707281 5.9602783 ]","[1.05997406 1.01623338 0.97787431 0.8846042  0.79503049 0.77597722
 0.69696071 0.56588335 0.73395809 0.8879317 ]","[[  4.52571901   4.52710858   4.53079393   4.54811909   4.57729336
    4.58522074   4.62458764   4.71479837   4.60593901   4.54751018]
 [  5.01451852   5.0130183    4.84280161   4.90359222   4.79220848
    4.68136174   4.66225581   4.63798181   4.75128008   4.74982303]
 [  5.49459103   5.49224699   5.238549     5.33046284   5.15930683
    4.97228162   4.93743203   4.89105752   5.09223015   5.08986287]
 [  6.44192596   6.43845313   6.04186634   6.1869774    5.9138046
    5.60537351   5.54763183   5.47182092   5.80367137   5.80049443]
 [  8.36291093   8.35729259   7.71768943   7.95448389   7.50805472
    6.99353965   6.89452999   6.76304296   7.32636463   7.32076213]
 [ 12.44508672  12.43507392  11.34333228  11.7473417   10.98357504
   10.09237481   9.91903254   9.68513749  10.67016592  10.66095744]
 [ 22.00764092  21.98859936  19.89617625  20.67249136  19.20264065
   17.48325857  17.14804713  16.69286138  18.59821866  18.58040975]
 [ 47.82637012  47.78269594  43.11138946  44.83645927  41.56040313
   37.70175935  36.94687593  35.91981731  40.20658528  40.16659605]
 [132.57205772 132.47275225 119.40747134 124.25040258 115.07611647
  104.29660739 102.18706972  99.31751288 111.29402471 111.18244961]
 [499.7772125  499.2764209  450.03120535 468.32313455 433.66001566
  392.92349083 384.95117358 374.10232526 419.36812984 418.94730613]]","[[  5.86869883   5.88683764   5.90566109   5.96201506   6.03187603
    6.04835666   6.12401743   6.27187131   6.08976307   5.96039196]
 [  6.13141947   6.13018486   5.99754532   6.04328151   5.96014725
    5.88476031   5.87331927   5.85981547   5.93081046   5.92979166]
 [  6.55047999   6.54836103   6.32239954   6.40343932   6.25330976
    6.0970795    6.06944449   6.03377175   6.19611978   6.19412514]
 [  7.42415646   7.42087721   7.04954499   7.18464379   6.93134282
    6.65099289   6.59856493   6.52993842   6.83063791   6.82773566]
 [  9.25586745   9.25042095   8.63370752   8.86108596   8.43323087
    7.9455184    7.8521246    7.72781079   8.2604242    8.25511404]
 [ 13.26068284  13.25075432  12.17212938  12.57033177  11.81724375
   10.9428756   10.77324863  10.54457614  11.5089445   11.49989982]
 [ 22.77429156  22.75535136  20.67266365  21.44522292  19.98336996
   18.27484547  17.94164631  17.48912525  19.38303859  19.36534337]
 [ 48.60651177  48.56266023  43.87459303  45.60531128  42.3191411
   38.45233915  37.69642196  36.66828953  40.96195343  40.92187256]
 [133.95890414 133.85876279 120.68469119 125.56765587 116.31785967
  105.45160931 103.32539474 100.43332928 112.50506583 112.39258918]
 [504.15317771 503.64826915 453.99906103 472.4408423  437.49399086
  396.42542926 388.3883506  377.45150434 423.08542067 422.66116419]]","[[1.05995253 1.01623261 0.97787152 0.88541552 0.79497096 0.77598984
  0.69662128 0.56603526 0.73115534 0.88776654]
 [1.78062907 1.77958592 1.64956182 1.69920263 1.60321122 1.47997298
  1.45430092 1.41869142 1.56155625 1.55999997]
 [2.05135431 2.05025553 1.92028757 1.97017809 1.87397201 1.75068584
  1.72502573 1.68939381 1.83233519 1.83082006]
 [2.40212935 2.40106897 2.27106228 2.3208369  2.22471976 2.10147776
  2.0758054  2.04062305 2.18284112 2.18159803]
 [2.85662507 2.85555006 2.7255573  2.77551822 2.67924107 2.55594309
  2.53030334 2.49498429 2.63740945 2.63609388]
 [3.44550704 3.44437851 3.31444047 3.36419439 3.26812391 3.14483128
  3.11918739 3.08360873 3.2262324  3.22497878]
 [4.20851649 4.20739714 4.07744845 4.12731583 4.03112148 3.90782182
  3.88219811 3.84647839 3.98924627 3.98798924]
 [5.19713418 5.1959813  5.06606778 5.11563588 5.01975161 4.89643945
  4.87081716 4.83508668 4.9778647  4.97660574]
 [6.47806607 6.47712721 6.3470088  6.39683494 6.30069671 6.1773813
  6.15175543 6.11603062 6.25880326 6.25754576]
 [8.13776405 8.13651089 8.00670718 8.05650917 7.96038709 7.83707967
  7.81145665 7.77572272 7.91849743 7.91724246]]"
10,4.1528587243304065,5.8997592849495355,2.8463818280013964,5.913916753757444,4.1527659560471495,5.832021826209526,0.9625256061553955,0.9893234101339109,1.2537002563476562,0.9625781993423336,"[  4.15276594   4.62817908   5.09943407   6.02251396   7.84793755
  11.73816943  20.79717533  45.11499098 125.46544928 473.32804686]","[  5.91391677   6.0481367    6.41137795   7.19808041   8.8826022
  12.60973458  21.51956356  45.7834077  126.04158378 474.24046188]","[0.96257817 1.70411951 1.97484497 2.32562008 2.78011533 3.36899839
 4.13200625 5.12062532 6.40156656 8.0612644 ]","[4.15276594 4.17192891 4.15437079 4.16267944 4.16434859 4.22917766
 4.19344276 4.20951689 4.19443134 4.1944315 ]","[5.91391675 6.02101991 5.93966296 5.86281445 5.99383473 6.16293073
 6.08173132 6.11968101 6.0841567  6.0841571 ]","[0.9625782  0.80788766 0.91916264 1.07634928 0.84189301 0.65966491
 0.73956527 0.70088181 0.73701218 0.73701176]","[[  4.15276594   4.17192871   4.1543755    4.16267951   4.16433208
    4.22909234   4.19294436   4.2094699    4.19423275   4.22022208]
 [  4.62817909   4.45958059   4.52580017   4.36484714   4.65450072
    4.34639265   4.42116544   4.52335139   4.5093941    4.25011726]
 [  5.0994334    4.84055312   4.94477537   4.68036365   5.13857317
    4.64820172   4.77923754   4.94064787   4.91900988   4.47108428]
 [  6.02251162   5.61797969   5.78381868   5.36093529   6.08168059
    5.30981441   5.5184803    5.77724333   5.74334769   5.00751629]
 [  7.84793415   7.21620499   7.4745014    6.80584097   7.94046142
    6.72234753   7.06135461   7.46434403   7.41130135   6.21446789]
 [ 11.73816781  10.65243583  11.10077523   9.93864617  11.8947857
    9.79313131  10.38691126  11.08198448  10.99143321   8.89393922]
 [ 20.79716533  18.73628511  19.58844196  17.37270952  21.09417268
   17.09244619  18.24085003  19.55274706  19.3814771   15.35641456]
 [ 45.11495882  40.50861903  42.41460146  37.45983244  45.77731967
   36.83952523  39.40403156  42.33464235  41.95161019  32.94102159]
 [125.46496186 112.53882447 117.8792802  103.97046549 127.32405017
  102.22707796 109.44004092 117.67414392 116.5885691   91.24825518]
 [473.32121673 424.56112319 444.65242813 392.237832   480.33833407
  385.6936675  412.87715125 443.89283018 439.84082943 344.24510757]]","[[  5.91391673   6.02101923   5.93970255   5.86281432   5.99376651
    6.16274667   6.08049326   6.11957371   6.08366963   6.1435444 ]
 [  6.04813671   5.93522191   5.97806844   5.87979563   6.06680671
    5.87042431   5.91170873   5.97642369   5.9671486    5.83519665]
 [  6.4113774    6.20486923   6.28671774   6.08544296   6.44324807
    6.06231534   6.15830267   6.28344501   6.26633551   5.94243506]
 [  7.19807835   6.84674411   6.98903604   6.62879857   7.25046576
    6.58552729   6.76244842   6.98333845   6.95403813   6.33687209]
 [  8.882599     8.28794436   8.53105328   7.90611287   8.96964585
    7.8293483    8.14303165   8.52150334   8.47153453   7.36880891]
 [ 12.609733    11.55853133  11.99173767  10.87134815  12.76207903
   10.73170185  11.30224578  11.97357161  11.88607584   9.87257452]
 [ 21.51955366  19.47970113  20.32233482  18.1346489   21.81371856
   17.858761    18.99049451  20.28701035  20.11755147  16.15148185]
 [ 45.78337555  41.18050327  43.0843723   38.13426891  46.44566639
   37.51476519  40.07681226  43.00448131  42.62179963  33.62085626]
 [126.04109646 113.11959277 118.45762041 104.55689873 127.89984707
  102.81496626 110.02259007 118.2525634  117.16742563  91.84807086]
 [474.23362258 425.40903721 445.52667552 393.04422174 481.26017663
  386.49179854 413.70992587 444.76607571 440.70873864 344.99228572]]","[[0.96257824 0.80788848 0.91910002 1.07634968 0.84198166 0.65983467
  0.74087308 0.70098762 0.73752395 0.67780017]
 [1.70411952 1.56819986 1.62620684 1.46922587 1.72249403 1.44724041
  1.53082054 1.62416089 1.61238537 1.30994763]
 [1.97484466 1.83892791 1.89685629 1.7400658  1.99322508 1.71814775
  1.80278847 1.89465668 1.88301041 1.57875009]
 [2.32561934 2.18970136 2.2476919  2.09072937 2.34400014 2.06926498
  2.15305185 2.24545407 2.23384022 1.92951923]
 [2.78011465 2.64419786 2.70212278 2.5452144  2.79849515 2.52393703
  2.60788053 2.69991311 2.6882667  2.3840483 ]
 [3.3689982  3.23307981 3.29114145 3.1340929  3.38737946 3.11281118
  3.19721536 3.28876756 3.27726139 2.97149548]
 [4.13200563 3.99608951 4.05412872 3.89710835 4.15038701 3.87573635
  3.96104194 4.05175176 4.04028242 3.73402432]
 [5.12062442 4.98470686 5.04275533 4.88572334 5.13900368 4.86457928
  4.94975761 5.04037371 5.02890131 4.72261448]
 [6.4015617  6.26565137 6.32360485 6.16666213 6.4199478  6.14552428
  6.23074957 6.32142768 6.30984258 6.00350838]
 [8.06124637 7.92534852 7.98314468 7.826364   8.07964194 7.80533285
  7.89046616 7.98100749 7.96954468 7.66322095]]"
11,5.086948598852857,5.832412751847675,3.8080692893840267,5.837040663653636,5.086810066899654,5.832021826209526,1.1823654174804688,1.273569905717597,1.2537002563476562,1.1826208580934385,"[  5.08680878   5.57472803   6.07930709   7.09073591   9.126297
  13.49319567  23.73877929  51.35944018 142.19702095 535.69091429]","[  5.83705605   6.26274782   6.75116018   7.74091243   9.77010238
  14.14884616  24.47810884  52.43109871 144.68097742 544.66267982]","[1.18251131 1.88053612 2.14799826 2.49877414 2.95328353 3.54215221
 4.305169   5.29375856 6.57470827 8.23442041]","[5.08680879 5.13003142 5.15174647 5.09025287 5.0873952  5.29927239
 5.24279142 5.13165951 5.25471133 5.15013196]","[5.83704066 5.92350049 5.95713992 5.85106337 5.84156167 6.15784447
 6.08369496 5.9261875  6.0995571  5.95478978]","[1.18262086 0.94573613 0.89252061 1.11456662 1.15549023 0.66437269
 0.73749732 0.94116943 0.72106837 0.89599356]","[[  5.08680878   5.13002652   5.15174014   5.09025317   5.08739582
    5.2993091    5.24383961   5.13189771   5.12577939   5.15015469]
 [  5.57472788   5.39176423   5.24220294   5.4589793    5.50377326
    5.16531841   5.18988315   5.24937215   5.19043413   5.29024328]
 [  6.07937114   5.79703528   5.53638156   5.90554911   5.97651861
    5.38669491   5.43624877   5.54943857   5.43721201   5.62305923]
 [  7.09087154   6.65233873   6.2167652    6.82415998   6.93421716
    5.94725304   6.03760329   6.23974117   6.03966879   6.36714455]
 [  9.12646797   8.4173915    7.70398197   8.69625835   8.87459352
    7.24638263   7.40221049   7.74154839   7.40624481   7.95084936]
 [ 13.49323744  12.27362714  11.02425477  12.75561186  13.06205721
   10.20640863  10.48773999  11.09119506  10.49061988  11.4584252 ]
 [ 23.74095439  21.4069048   19.00085258  22.32899517  22.91528343
   17.41360071  17.9608897   19.1308732   17.96676279  19.83955945]
 [ 51.36458298  46.14288881  40.75031504  48.20614525  49.51814436
   37.17218248  38.40728174  41.04074785  38.41782535  42.63125843]
 [142.20816289 127.60516734 112.48615079 133.37961445 137.04835385
  102.4716163  105.93282844 113.3133397  105.96303976 117.76506356]
 [535.79728235 480.63205258 423.39994079 502.38440168 516.2251479
  385.68401718 398.75431342 426.61773978 398.86495538 443.42083485]]","[[  5.83705066   5.9234924    5.95713074   5.85106416   5.84156476
    6.15789167   6.08509915   5.92658071   5.91645933   5.95482305]
 [  6.26274767   6.08699736   5.94574998   6.15120125   6.19440926
    5.87855891   5.89897635   5.95231113   5.89945175   5.99042663]
 [  6.751222     6.47735915   6.22567874   6.58255091   6.65157493
    6.08217407   6.12932768   6.23828029   6.13024989   6.30940529]
 [  7.74104784   7.30586647   6.88322057   7.4754568    7.58493949
    6.62307849   6.71077657   6.90525204   6.71277605   7.02795718]
 [  9.77027362   9.06146941   8.35092292   9.33970674   9.51797285
    7.89603224   8.05113283   8.38821816   8.055156     8.59617331]
 [ 14.14888821  12.92219986  11.67101912  13.40615445  13.71445183
   10.85317276  11.13408899  11.73791986  11.13696477  12.1053714 ]
 [ 24.48030764  22.12349839  19.69794955  23.05390741  23.64595554
   18.09854872  18.65004577  19.82898163  18.65596717  20.54297371]
 [ 52.4363119   47.14235133  41.6764164   49.23498535  50.56482385
   38.05308598  39.30341571  41.97065301  39.31409112  43.58231776]
 [144.692298   129.85626193 114.49882335 135.72258879 139.44989341
  104.32850279 107.84332941 115.33896456 107.87400982 119.86058967]
 [544.77077865 488.70880215 430.52722181 510.81452717 524.88027984
  392.18211153 405.4703574  433.79873548 405.58284479 450.88239409]]","[[1.18254968 0.94574997 0.89253412 1.11456373 1.15547421 0.66432885
  0.73602329 0.94050644 0.95802079 0.89594417]
 [1.88053602 1.74149943 1.58347703 1.7970346  1.83103616 1.46646027
  1.50813651 1.59262416 1.50902193 1.64120368]
 [2.14802603 2.01230499 1.85427313 2.06776274 2.10175735 1.73703533
  1.77886028 1.86334892 1.77964092 1.91186814]
 [2.49881322 2.36299297 2.20500424 2.41854528 2.45254734 2.08793122
  2.12961618 2.21409545 2.13053777 2.26280578]
 [2.95331424 2.81751836 2.65954941 2.87302886 2.90704316 2.54244905
  2.58408365 2.66852316 2.58513852 2.7170552 ]
 [3.54215659 3.40637758 3.24845544 3.46191376 3.49591481 3.13134697
  3.17302078 3.25749814 3.17343915 3.30587555]
 [4.30528885 4.16944348 4.01139668 4.22492111 4.25893327 3.8943338
  3.93602324 4.02049276 3.93646295 4.06886879]
 [5.29388524 5.15804642 5.00009277 5.21353988 5.24755198 4.88297316
  4.92466163 5.00913149 4.92501155 5.05749663]
 [6.57480645 6.43901144 6.28088547 6.49448645 6.52849325 6.16391096
  6.20559072 6.29007466 6.20594846 6.33839958]
 [8.23466859 8.09885125 7.94030807 8.15418069 8.18815248 7.82361705
  7.86530098 7.94977714 7.86564797 7.99809101]]"
12,4.392044334769155,5.856383732478241,3.085666554964621,5.8716343853715935,4.391933662802357,5.832021826209526,1.0519027709960938,1.0961431234007883,1.2537002563476562,1.0522549881024947,"[  4.39193363   4.89910564   5.3953177    6.35572611   8.29090202
  12.38754771  21.96967691  47.73510015 132.51860281 499.83426319]","[  5.87163303   6.13333856   6.55369357   7.4292428    9.26424206
  13.27505139  22.80194107  48.66862447 134.13408938 504.81442567]","[1.05225848 1.78224592 2.05301718 2.40377141 2.85827577 3.44713826
 4.21014867 5.19876531 6.47970679 8.13940335]","[4.39193363 4.39589289 4.41160514 4.44198791 4.49366581 4.43570236
 4.45787591 4.44119094 4.42597641 4.4725926 ]","[5.87163439 5.89982103 5.94720594 6.01823566 6.11953486 6.00498523
 6.05046605 6.01657788 5.98316669 6.07956372]","[1.05225499 0.98920115 0.90742527 0.81125713 0.70102593 0.82763532
 0.77361117 0.81327479 0.85598284 0.74185705]","[[  4.39193363   4.39589402   4.41164217   4.44193265   4.49368627
    4.43553558   4.45789132   4.44082542   4.42584063   4.47207117]
 [  4.89915406   4.75824248   4.80482204   4.70876237   4.51763348
    4.60045051   4.58407827   4.7417867    4.56627918   4.85809532]
 [  5.39527491   5.18334584   5.2548649    5.10471733   4.77990842
    4.92588307   4.89800761   5.15691891   4.86657153   5.33416581]
 [  6.35568516   6.03155207   6.14140498   5.90971417   5.3820218
    5.62464158   5.57900149   5.99364468   5.52681148   6.26365646]
 [  8.29076499   7.77034694   7.94859775   7.57250584   6.69956435
    7.10542597   7.03029205   7.70408785   6.94387279   8.14530394]
 [ 12.38751649  11.5079175   11.80983986  11.17056289   9.65600418
   10.36436349  10.23350434  11.3726071   10.08054516  12.14165191]
 [ 21.9697041   20.29029738  20.86718012  19.64443817  16.72737517
   18.09684471  17.84414177  20.0415496   17.54672243  21.50176067]
 [ 47.73520138  43.98218519  45.27235086  42.53768869  35.99373117
   39.06962129  38.50303875  43.41344478  37.83414387  46.68652835]
 [132.52127937 122.02529235 125.6249337  117.9717324   99.64368042
  108.26141918 106.67469973 120.42383217 104.80145997 129.59596092]
 [499.83611965 460.26054983 473.76042922 444.89868312 375.70950278
  408.24879045 402.25782816 454.05770082 395.18583491 488.80503371]]","[[  5.87162774   5.89982519   5.94730411   6.01812072   6.11957214
    6.00461971   6.05049703   6.01581748   5.98285357   6.07854181]
 [  6.13337723   6.02387783   6.05953022   5.98666135   5.86218757
    5.91079444   5.90039858   6.01141211   5.88942559   6.10090516]
 [  6.55365582   6.3693377    6.43087295   6.30272017   6.04036401
    6.1548306    6.13246194   6.34684006   6.10756344   6.49999479]
 [  7.42920477   7.12834021   7.23013068   7.01617228   6.54197746
    6.75731579   6.7165786    7.09336391   6.67011424   7.34375931]
 [  9.26411069   8.76604143   8.93598247   8.57732354   7.75020306
    8.13277186   8.06147699   8.70280986   7.97972968   9.12437757]
 [ 13.27502048  12.40511654  12.70313111  12.07256956  10.58711628
   11.28062926  11.15227616  12.27178196  11.00244359  13.03139741]
 [ 22.80196827  21.12411498  21.69998709  20.47956636  17.57465047
   18.93699322  18.68559283  20.87597199  18.38969448  22.33404493]
 [ 48.66872638  44.89163542  46.18974192  43.43871176  36.86309407
   39.95269462  39.3835239   44.31951668  38.71171134  47.61303493]
 [134.13678948 123.54949697 127.18022335 119.46125167 100.98141141
  109.66937886 108.06956166 121.93429167 106.18095316 131.18582522]
 [504.81629963 464.86808716 478.49495561 449.36189397 379.52546007
  412.36850729 406.32152271 458.60693799 399.18345099 493.68123632]]","[[1.05227208 0.98919291 0.90727502 0.81139675 0.70098917 0.82809555
  0.77357632 0.81420317 0.85640352 0.74294087]
 [1.78227844 1.67892284 1.71542966 1.63670231 1.42550281 1.52925767
  1.51077574 1.66531074 1.48960561 1.75412209]
 [2.05299767 1.94970259 1.98615417 1.90748678 1.69621892 1.79998388
  1.78150806 1.93579165 1.76004007 2.02465142]
 [2.40375914 2.30047473 2.33691514 2.25826089 2.04693406 2.15075851
  2.13228707 2.28755551 2.11060343 2.37573335]
 [2.8582499  2.75494729 2.79142779 2.71275677 2.50145168 2.60525428
  2.58679341 2.74101589 2.56515482 2.83034277]
 [3.44713475 3.34382196 3.38030308 3.30164261 3.09031845 3.19413536
  3.17566392 3.32710317 3.1536927  3.41915096]
 [4.21015027 4.10684152 4.1433138  4.06465145 3.8533132  3.95714521
  3.93866044 4.09077523 3.91652619 4.18222445]
 [5.19876799 5.09543697 5.13193393 5.05326336 4.84193707 4.94576446
  4.92728498 5.07900205 4.90510928 5.17074744]
 [6.47973207 6.37648242 6.41286168 6.3342063  6.12288009 6.22670621
  6.20822626 6.3599507  6.18605153 6.45180255]
 [8.13940799 8.03629856 8.07243485 7.99386586 7.78257794 7.8864036
  7.8679242  8.01933799 7.84575279 8.11151227]]"
13,3.880627421749438,5.915445231729182,2.661659340607038,5.926679495420568,3.880538972660562,5.832021826209526,0.9403258562088013,0.9598304264170945,1.2537002563476562,0.9403400923407897,"[  3.88053894   4.39634986   4.87572756   5.7926074    7.62430976
  11.4654543   20.38873277  44.55890351 124.01638503 467.85899533]","[  5.92667948   6.03212737   6.38367645   7.152197     8.80610572
  12.47551555  21.26021567  45.19919987 124.40227562 468.04405157]","[0.94034013 1.68767287 1.95839867 2.30916661 2.76367174 3.35254851
 4.11556244 5.10418246 6.38512301 8.04481459]","[3.88053894 3.8936255  3.88070481 3.9742638  3.9162297  3.89162661
 3.89301238 3.95800409 3.88311451 3.88519819]","[5.9266795  6.0162782  5.9188293  5.83253987 6.09411273 6.00813824
 5.86513911 6.20855269 5.96356346 5.97728273]","[0.94034009 0.81364046 0.95383221 1.27654756 0.72665332 0.8236847
 1.06970244 0.61889381 0.88318592 0.86395958]","[[  3.88053894   3.89362858   3.8807048    3.9742512    3.91621843
    3.89120251   3.89298387   3.95721076   3.88313417   3.88526571]
 [  4.39635165   4.23065661   4.43867699   4.57003155   4.22400531
    4.18889118   4.19228592   4.20728008   4.44721716   4.47732931]
 [  4.87573228   4.62786909   4.93772286   5.12548642   4.61762823
    4.56334309   4.56870199   4.59170921   4.95085461   4.99355347]
 [  5.79263929   5.41758714   5.88533026   6.16497604   5.40179889
    5.31732001   5.32589475   5.35817553   5.90397335   5.96873527]
 [  7.62427712   7.02854832   7.76884235   8.20066807   7.00320442
    6.86708526   6.88054228   6.93255468   7.79927749   7.8978659 ]
 [ 11.46550456  10.46169896  11.70819044  12.43240993  10.41891908
   10.18906367  10.21060702  10.30581696  11.7594006   11.92527553]
 [ 20.38868784  18.48251652  20.84892667  22.21999998  18.40090434
   17.9622052   18.00846603  18.16935686  20.94612892  21.2597969 ]
 [ 44.55889663  40.26719827  45.59146262  48.66052712  40.08343927
   39.09401269  39.1985768   39.55717075  45.81109661  46.51781189]
 [124.01300303 112.02876676 126.90040141 135.48650462 111.51527619
  108.75150779 109.04479692 110.04430227 127.51404489 129.4880883 ]
 [467.83854827 422.6367439  478.74220735 511.09128608 420.69947734
  410.27313541 411.37966189 415.09946682 481.05691019 488.50189877]]","[[  5.92667921   6.0162903    5.91882962   5.83253895   6.09407806
    6.00635008   5.86519122   6.20655448   5.96372209   5.97766533]
 [  6.03212855   5.93018656   6.06053388   6.15257455   5.92646543
    5.90746722   5.90924967   5.91726209   6.06632914   6.08689963]
 [  6.38368015   6.19479536   6.43258398   6.58475814   6.18728027
    6.14774      6.15161208   6.16833974   6.44303503   6.47727004]
 [  7.15222473   6.82891879   7.23298167   7.47880359   6.81556411
    6.74446345   6.75166689   6.77883006   7.24925756   7.30598219]
 [  8.80607541   8.257156     8.94063386   9.34503932   8.23403795
    8.11033006   8.12252483   8.16973229   8.96903918   9.06102065]
 [ 12.47556432  11.50353712  12.71132796  13.4155296   11.46218208
   11.24033196  11.26109925  11.35294405  12.76112532  12.92228234]
 [ 21.26017122  19.37240559  21.71577727  23.07194426  19.29170215
   18.85816068  18.90385543  19.06281863  21.81191553  22.12225763]
 [ 45.19919303  40.93793412  46.22525371  49.2765684   40.75561528
   39.77415886  39.877863    40.23353978  46.4435402   47.1460038 ]
 [124.39889962 112.43772204 127.28126511 135.85341963 111.92530602
  109.16745598 109.46010597 110.45745366 127.89386245 129.86459425]
 [468.02360863 422.83174773 478.92511619 511.26829184 420.89494774
  410.4711816  411.5774295  415.29630707 481.23937342 488.68295361]]","[[0.94034058 0.81362569 0.95383163 1.27652734 0.72668906 0.82592098
  1.0695561  0.6206284  0.88295822 0.86343624]
 [1.68767411 1.56060422 1.71641123 1.79815271 1.55485877 1.52348889
  1.52659546 1.54011887 1.72203402 1.74140944]
 [1.9584009  1.83132967 1.98713672 2.0688771  1.82558557 1.79420484
  1.79736936 1.8108058  1.99310404 2.0122559 ]
 [2.30917666 2.18210504 2.33791224 2.41960517 2.17636133 2.14498309
  2.14822588 2.16032224 2.34358093 2.36303218]
 [2.76366517 2.63659999 2.79240735 2.8740632  2.63085388 2.59948337
  2.60262376 2.61468026 2.79836824 2.81742627]
 [3.35255453 3.22548309 3.38128977 3.46296297 3.21973533 3.18837012
  3.19134509 3.20440477 3.38726533 3.40638729]
 [4.1155596  3.98849108 4.14429833 4.22597164 3.98274354 3.95137997
  3.95472518 3.96628927 4.15027521 4.16936776]
 [5.10418226 4.9771104  5.13291735 5.21461772 4.97136974 4.93999773
  4.94335068 4.95478143 5.13894512 5.15814549]
 [6.38508893 6.2580505  6.41385907 6.49569594 6.25230788 6.22093781
  6.22430437 6.23570969 6.41988904 6.43909201]
 [8.04475996 7.91774721 8.07355873 8.15529117 7.91200433 7.8806348
  7.88400157 7.89525361 8.07958787 8.09878509]]"
14,4.2084429730895785,5.879625216807762,2.9393176241694174,5.8971453367302455,4.208344134946887,5.832021826209526,0.9943008422851562,1.0326139508432328,1.2537002563476562,0.9945500059931123,"[  4.20834409   4.71842465   5.2061456    6.15429091   8.06411929
  12.09665683  21.46506587  46.60342916 129.31976933 487.81412353]","[  5.89715681   6.08415346   6.47249227   7.29812442   9.04860766
  12.90003582  22.07954805  47.04429557 129.58302209 487.60496955]","[0.99452685 1.7388729  2.00961835 2.36036535 2.81487577 3.40376704
 4.16675823 5.15538393 6.4363664  8.09602314]","[4.20834409 4.21040261 4.21546528 4.3691122  4.22103039 4.22101363
 4.44631092 4.35124905 4.2353212  4.22355736]","[5.89714534 5.92698802 5.85830772 6.31638085 5.84894895 5.97961581
 6.45243255 6.28314722 6.02501493 5.98872708]","[0.99455001 0.9398211  1.08997663 0.53102917 1.12258516 0.86077844
 0.43260607 0.55701289 0.80309399 0.84858133]","[[  4.20834409   4.21040391   4.21551143   4.36909911   4.22102842
    4.22110671   4.44709765   4.3512465    4.23531515   4.22365281]
 [  4.71844401   4.64777751   4.75133701   4.29213775   4.88012417
    4.56273955   4.28553161   4.29898506   4.39762791   4.34830394]
 [  5.2061377    5.10184637   5.25462481   4.5138113    5.43540368
    4.97269175   4.50060642   4.52711942   4.57115846   4.61879433]
 [  6.15437538   5.99439384   6.22797221   5.04397313   6.49972147
    5.7945606    5.01994012   5.06654918   5.14264239   5.22615968]
 [  8.0640945    7.80970078   8.18070892   6.23567225   8.60565241
    7.48850342   6.19289078   6.27593919   6.40855443   6.54790918]
 [ 12.09663021  11.67113333  12.29171138   8.95284891  13.00484051
   11.12525861   8.87628734   9.024794     9.25622346   9.50332939]
 [ 21.46531221  20.65502919  21.83416336  15.46329809  23.17943782
   19.62190739  15.32599154  15.60187809  16.04398347  16.52421852]
 [ 46.60379712  44.79564371  47.42680725  33.17939791  50.42456814
   42.48964716  32.86846506  33.49318705  37.39292416  35.55584888]
 [129.32455833 124.24857081 131.62305565  91.70133925 140.00688001
  117.80599027  90.84421236  92.58028851  95.35669609  98.36689899]
 [487.84878493 468.67948876 496.596436   345.77928308 528.17833381
  444.36114442 342.55603894 349.10695285 390.41109853 370.95462327]]","[[  5.89714748   5.92699835   5.85820855   6.31635687   5.84895155
    5.97996091   6.4537783    6.28314234   6.02499762   5.98905695]
 [  6.0841677    6.03337855   6.10863354   5.83506564   6.20752501
    5.97481559   5.83387703   5.83654494   5.8758769    5.85286255]
 [  6.47248564   6.38586274   6.51327303   5.94292894   6.66668926
    6.28084625   5.9346696    5.95143717   5.98049397   6.01321401]
 [  7.29819998   7.15583716   7.36411528   6.33841289   7.60870666
    6.97894493   6.31888956   6.35689147   6.41950261   6.48927696]
 [  9.04858456   8.81239987   9.15741352   7.37102506   9.55651872
    8.51417205   7.33268841   7.40722721   7.52659145   7.65219964]
 [ 12.90000998  12.48757952  13.08900272   9.88467513  13.78117017
   11.9605488    9.81211858   9.95295151  10.17255392  10.4073089 ]
 [ 22.07979125  21.28032106  22.44404347  16.18110477  23.77355249
   20.26255237  16.04655697  16.31679752  16.7492134   17.21942858]
 [ 47.04466205  45.24409958  47.86444065  33.68865157  50.85149189
   42.94886074  33.37992899  34.00025733  37.87638655  36.04966506]
 [129.58780293 124.5206994  131.88243307  92.04303132 140.25288372
  118.09015167  91.18754353  92.92033003  95.69121064  98.69373858]
 [487.63959672 468.48935902 496.37863627 345.71958168 527.92983895
  444.19559914 342.50002143 349.04346617 390.3020147  370.86672039]]","[[0.99454568 0.93980374 1.09028895 0.5310476  1.12257502 0.86030995
  0.43168711 0.55701677 0.80311466 0.84814624]
 [1.73888609 1.68898299 1.76098392 1.30878173 1.84091213 1.62214856
  1.29676526 1.32076547 1.46032969 1.39679844]
 [2.00961468 1.95971339 2.03178325 1.57945903 2.10897779 1.89290374
  1.56737632 1.59142111 1.62920184 1.66730888]
 [2.36039103 2.31048447 2.38249668 1.93049329 2.45975298 2.24372391
  1.91802575 1.942048   1.97958398 2.01883565]
 [2.81487102 2.76503527 2.83701158 2.38477991 2.91424987 2.69821331
  2.37203151 2.39664054 2.43459565 2.47278481]
 [3.403764   3.35403708 3.42583111 2.97362494 3.50314018 3.28706262
  2.96078998 2.98555848 3.02303489 3.06166269]
 [4.16677311 4.11684534 4.18884792 3.73663599 4.26613908 4.05010322
  3.72472618 3.74852463 3.78561926 3.82466047]
 [5.1553939  5.10545399 5.17747825 4.72523236 5.25476277 5.03871289
  4.71326559 4.73719331 4.87696584 4.81307519]
 [6.43641273 6.38631819 6.45845225 6.00617981 6.53569964 6.31970058
  5.99441468 6.01813048 6.05513933 6.09403768]
 [8.09611195 8.04600402 8.11832721 7.66585592 8.19539756 7.97940211
  7.65414917 7.677828   7.81760544 7.75370477]]"
15,4.376322452100422,5.888803250212968,3.0590600248574997,5.901239704943468,4.376225263724751,5.832021826209526,0.9860992431640625,1.0119535743422459,1.2537002563476562,0.9864067310558149,"[  4.37622516   4.84609823   5.30923715   6.21656445   8.01411812
  11.83956321  20.85211933  45.21400582 125.35754243 472.83312852]","[  5.90122991   6.04252194   6.40167862   7.18209644   8.85596164
  12.56302808  21.42997447  45.57971002 125.47139134 472.08435858]","[0.98642593 1.69842794 1.96913807 2.31992685 2.77442017 3.36330163
 4.12635147 5.11491699 6.39587165 8.05556506]","[4.37622516 4.37622754 4.38394589 4.37730588 4.49495189 4.41015454
 4.46097393 4.47847684 4.40063943 4.39166818]","[5.9012397  5.90014834 5.95356205 5.88724388 6.18923942 6.0272965
 6.12829409 6.15999759 6.00439708 5.97883612]","[0.98640673 0.98855392 0.89782061 1.01534217 0.63584807 0.80037758
 0.69244896 0.66237554 0.82837609 0.86183884]","[[  4.37622516   4.37622758   4.38399346   4.37735353   4.49405572
    4.41015791   4.46264006   4.47687366   4.40054171   4.39093237]
 [  4.84605997   4.79609191   4.73234913   5.02493159   4.57055972
    4.61701894   4.61760844   4.64189898   4.55928608   4.55845091]
 [  5.3092432    5.23259447   5.13257459   5.57589073   4.87156029
    4.94713468   4.94831841   4.98808555   4.85091524   4.85077697]
 [  6.21652097   6.10033082   5.94731718   6.61232097   5.52769483
    5.6528977    5.65480525   5.71861014   5.49346552   5.49234519]
 [  8.01410257   7.83286121   7.59278055   8.62670284   6.92044696
    7.1221502    7.12535809   7.23018956   6.86351233   6.8625546 ]
 [ 11.83958402  11.52704878  11.11097996  12.88704716   9.9449399
   10.29563631  10.30120995  10.48061089   9.84532473   9.84443498]
 [ 20.85129908  20.2566386   19.46340667  22.84808748  17.21648095
   17.89542477  17.91002387  18.22306566  17.0214024   17.02036669]
 [ 45.21603078  43.8784982   42.09678138  49.67360309  37.03832148
   38.57131708  38.60452646  39.30628155  36.59718857  36.59671633]
 [125.3710482  121.63615375 116.6451165  137.83187256 102.51159569
  106.79196045 106.88651184 108.83498455 101.26698709 101.26676196]
 [472.88120075 458.8669933  439.94044504 520.06106473 386.46351584
  402.68262946 403.0334944  410.35811942 381.80676475 381.8037232 ]]","[[  5.90122931   5.90014621   5.9537444    5.88692185   6.18766227
    6.02730398   6.13137925   6.1571196    6.00414459   5.97660825]
 [  6.04249454   6.00718936   5.9639569    6.17647372   5.86976402
    5.89349499   5.8938186    5.90746035   5.86459073   5.86421813]
 [  6.40168355   6.33971381   6.26045032   6.62300667   6.06093907
    6.11713781   6.11803008   6.14824449   6.04597715   6.04587778]
 [  7.18205774   7.07875718   6.9437755    7.53988992   6.5824918
    6.68839135   6.69002175   6.74467487   6.55379685   6.55285984]
 [  8.85594674   8.68271422   8.45432879   9.44449187   7.82362256
    8.01168109   8.01467787   8.11258859   7.77087501   7.76998905]
 [ 12.56304836  12.25884504  11.85468311  13.58684868  10.72115031
   11.06250759  11.06792035  11.24198523  10.62423271  10.6233676 ]
 [ 21.42916229  20.84062365  20.05645118  23.40395621  17.84006559
   18.50986227  18.52423818  18.83260892  17.64736978  17.64634698]
 [ 45.58172204  44.25293719  42.48354607  50.01284307  37.46408108
   38.98509271  39.01802952  39.71411033  37.02631187  37.02584328]
 [125.48486761 121.7582536  116.77868967 137.91428265 102.68062825
  106.94973331 107.04404147 108.98755293 101.43938919 101.43916467]
 [472.13232644 458.14862107 439.26351983 519.21051126 385.90552514
  402.08823724 402.43831824 409.74660906 381.25928585 381.25625118]]","[[0.9864271  0.98855813 0.89754868 1.01604778 0.63725169 0.8003687
  0.68945687 0.66504646 0.82869448 0.8648838 ]
 [1.69839998 1.66058574 1.60823497 1.81720748 1.44559208 1.49768257
  1.49831284 1.52347685 1.43212948 1.43111896]
 [1.96914098 1.93131442 1.87894563 2.08789601 1.71680684 1.76841534
  1.76918803 1.79461833 1.70193991 1.70183933]
 [2.31991302 2.28209636 2.22972975 2.43872049 2.06773288 2.11921412
  2.11997703 2.14507847 2.05307055 2.05258617]
 [2.77441697 2.73654594 2.6842231  2.89316116 2.52232939 2.573674
  2.57446894 2.6000658  2.50738016 2.5071269 ]
 [3.36330411 3.32546747 3.27310346 3.48196592 3.11118572 3.16255439
  3.1633494  3.18860725 3.09613818 3.0960029 ]
 [4.12630009 4.08846884 4.0361197  4.24514695 3.87427393 3.92556534
  3.92664208 3.94950524 3.85909344 3.85901234]
 [5.11497351 5.07707515 5.02473019 5.23354793 4.86283317 4.9141816
  4.91527013 4.93805205 4.84764738 4.84763102]
 [6.39600655 6.35813561 6.30566603 6.51459495 6.14387913 6.19512571
  6.19623432 6.21886374 6.12857476 6.12857197]
 [8.05569214 8.01808739 7.9654361  8.17456969 7.80343373 7.85482281
  7.85591148 7.8784247  7.78828018 7.78827022]]"
16,4.674270995605852,5.843814484961483,3.2962551884129327,5.859229179008726,4.674152792524687,5.832021826209526,1.0870546102523804,1.1444226443763448,1.2537002563476562,1.0871022774215844,"[  4.67415268   5.16430795   5.66781495   6.64580327   8.61931581
  12.83220327  22.63496162  49.00998313 135.79663666 512.01459063]","[  5.85922917   6.17079056   6.61398784   7.52545965   9.42133324
  13.54745192  23.32515318  49.84443241 137.42888412 517.268766  ]","[1.08710232 1.8127435  2.08346011 2.43424367 2.88874623 3.47762423
 4.24062332 5.22924347 6.51016935 8.1698838 ]","[4.67415268 4.71506373 4.67754993 4.6747953  4.78812498 4.71536409
 4.82232251 4.7802837  4.68810454 4.69602036]","[5.85922918 5.97886514 5.88618267 5.86989244 6.10973934 5.97944888
 6.16424758 6.09662352 5.91965596 5.93830111]","[1.08710228 0.86179933 1.01767504 1.05678761 0.71076684 0.86100524
 0.6584517  0.72407091 0.95238432 0.92132369]","[[  4.67415268   4.71506363   4.67752997   4.67479018   4.78812455
    4.71536707   4.8223226    4.77639473   4.68875792   4.78018825]
 [  5.1643087    4.90835533   5.07717235   5.17725492   4.84857644
    4.91418664   4.75242032   4.86913403   4.92329474   4.92322208]
 [  5.66781656   5.25887435   5.53433557   5.68704847   5.15653232
    5.26862201   4.97688752   5.19220892   5.28304731   5.28381976]
 [  6.64597112   6.00906285   6.44092217   6.67509484   5.84263123
    6.02393778   5.52804295   5.90146215   6.04672139   6.04716396]
 [  8.61940652   7.5902895    8.29222886   8.66585638   7.31268713
    7.61236867   6.7781378    7.4111302    7.65335982   7.65266898]
 [ 12.83226028  11.06920625  12.27594267  12.9111883   10.58535885
   11.11283358   9.63617026  10.75741436  11.17625341  11.17737799]
 [ 22.63528986  19.2807025   21.5802012   22.78493481  18.35685447
   19.35841841  16.52938283  18.68597534  19.48445844  19.48437505]
 [ 49.01236678  41.49259883  46.64917047  49.34519929  39.4154015
   41.67415451  35.29939344  40.15599242  41.94987001  41.94927632]
 [135.81504092 114.77587487 129.19982239 136.73522334 108.95880498
  115.27277115  97.41906632 111.03342638 116.05410873 116.05388312]
 [512.06371705 432.57606053 487.08961229 515.53078319 410.59400403
  434.48040797 366.98090593 418.43452275 437.40725404 437.40726922]]","[[  5.85922916   5.97886494   5.88609711   5.8698462    6.10973864
    5.97945467   6.16424772   6.09010786   5.9213519    6.09646346]
 [  6.1707912    5.95923782   6.09668431   6.18178768   5.91524042
    5.96371837   5.85288593   5.92997291   5.97078852   5.97073178]
 [  6.61398931   6.25153107   6.49336585   6.63155366   6.16421865
    6.25984549   6.01329662   6.19457205   6.27220425   6.27286784]
 [  7.52561877   6.9283315    7.33211311   7.55325352   6.77427432
    6.94213519   6.48775032   6.82853781   6.96324234   6.96365148]
 [  9.42142132   8.42797615   9.10461967   9.46654534   8.16232213
    8.4491335    7.65138917   8.25653891   8.48845373   8.48779061]
 [ 13.54750835  11.80791205  12.99763756  13.62566088  11.33376341
   11.8507662   10.40715274  11.50212701  11.91309057  11.91419602]
 [ 23.32548211  19.96536488  22.26791282  23.47545329  19.040789
   20.04313434  17.21579039  19.37020867  20.16928305  20.16919958]
 [ 49.84683242  42.2781322   47.46788302  50.18195837  40.18789145
   42.46087945  36.04625135  40.93300549  42.73841977  42.73782214]
 [137.44747131 116.20226607 130.76677105 138.37680442 110.32955289
  116.70394614  98.6816879  112.42394082 117.49281537 117.49258758]
 [517.3183713  437.05806202 492.10101786 520.81923793 414.86324766
  438.98086242 370.82963766 422.77959796 441.93607521 441.93609053]]","[[1.08710234 0.8617996  1.01786408 1.05690929 0.71076754 0.86099738
  0.65845157 0.73079716 0.94943461 0.72423518]
 [1.812744   1.60200033 1.75032934 1.82134506 1.5367714  1.60792269
  1.39687785 1.56027747 1.61705601 1.61698371]
 [2.08346083 1.87272584 2.0210607  2.09207296 1.80753003 1.87852614
  1.66740024 1.83115993 1.88703347 1.88748649]
 [2.43429316 2.22350125 2.37183869 2.44284552 2.1583078  2.22907066
  2.01800287 2.18194182 2.23750775 2.23767037]
 [2.88876305 2.67799613 2.82633282 2.89734755 2.61279818 2.68299873
  2.47254376 2.63644707 2.69222617 2.6920713 ]
 [3.47763046 3.26687924 3.41521744 3.48622692 3.20169042 3.27258356
  3.06163747 3.22528761 3.28082687 3.28097253]
 [4.24064223 4.02988683 4.17822466 4.24923652 3.96469342 4.03521049
  3.82436335 3.98833499 4.04379548 4.04378982]
 [5.22930492 5.01850662 5.16684455 5.23785536 4.95332031 5.02404499
  4.81295262 4.97695556 5.0324088  5.03239085]
 [6.51033911 6.29944711 6.44778517 6.5187974  6.23425288 6.30486139
  6.09388397 6.2578964  6.31332781 6.31332537]
 [8.17000373 7.95914011 8.10750254 8.17843867 7.89394852 7.96463096
  7.75357967 7.91759292 7.97302326 7.9730233 ]]"
17,4.570314418868078,5.85041574032478,3.446008203893463,5.885938895423654,4.5702109024717,5.832021826209526,1.0179519653320312,1.1169737667972817,1.2537002563476562,1.018214050051218,"[  4.57021077   5.10162993   5.60155024   6.5637759    8.4681801
  12.53532846  22.06898594  47.7563818  132.3293441  498.48968114]","[  5.88596806   6.08666197   6.47665399   7.30500338   9.05991901
  12.91966509  22.11748778  47.12957999 129.81825668 488.50794186]","[1.01814951 1.7411905  2.01191644 2.36270046 2.81720018 3.40607934
 4.16907661 5.15769997 6.43864388 8.0983371 ]","[4.57021078 4.5888243  4.58836923 4.80376788 4.65538254 4.60544368
 4.60188413 4.69935398 4.94661894 4.81653183]","[5.8859389  5.96950978 5.84097877 6.38703263 6.12092378 6.01157783
 6.00297439 6.2077336  6.61169442 6.40750968]","[1.01821405 0.87473938 1.15855912 0.47847493 0.69965767 0.8194137
 0.83017302 0.61960431 0.3297399  0.46384843]","[[  4.57021077   4.58878917   4.5883688    4.80375464   4.65539987
    4.60528713   4.60185339   4.70183433   4.66725979   4.81002522]
 [  5.10162973   4.90487966   4.92995756   4.64399076   4.8525074
    4.97234926   5.06138203   4.80058573   4.60153589   4.7196383 ]
 [  5.60160768   5.31123056   5.34918219   4.86668726   5.23127079
    5.41174502   5.54333163   5.15343311   4.77235439   5.01044466]
 [  6.5637776    6.11807676   6.17719476   5.39988052   5.99243884
    6.27619202   6.47559326   5.86383767   5.23034986   5.63954968]
 [  8.46832236   7.76648436   7.86056889   6.58338457   7.56530839
    8.01657905   8.33068145   7.36607083   6.28706804   6.98982285]
 [ 12.53561721  11.32634571  11.48969939   9.24379014  10.977123
   11.75417305  12.30023283  10.63397873   8.71573948   9.96662322]
 [ 22.06927379  19.75816904  20.06885453  15.73366821  19.08583101
   20.56747141  21.61976785  18.47396559  14.68988486  17.13748295]
 [ 47.75755761  42.58086584  43.28234735  33.54745746  41.08092546
   44.40093421  46.75196668  39.72452847  31.18633167  36.70789962]
 [132.33344242 117.85703072 119.826077    92.53679362 113.66445993
  122.95269796 129.52391145 109.90136155  85.89909153 101.40988387]
 [498.48669326 443.70799906 451.21755342 348.19977934 428.00626694
  463.03490778 487.89873001 413.72822429 323.16824105 381.74284966]]","[[  5.8859545    5.96940953   5.84097904   6.38701127   6.12095877
    6.01120067   6.00289981   6.21240185   6.14488045   6.39709927]
 [  6.08666183   5.95487258   5.97053779   5.83353539   5.92375341
    5.9978517    6.05831545   5.89469023   5.83496844   5.856132  ]
 [  6.47670138   6.24319964   6.27289011   5.93200283   6.18177413
    6.32232386   6.42876737   6.12385825   5.88014153   6.02327303]
 [  7.30500489   6.91383416   6.96507098   6.31291648   6.80564915
    7.05132778   7.22682143   6.69627671   6.18107586   6.50813846]
 [  9.06005324   8.40330561   8.49073296   7.32244457   8.21694408
    8.63619164   8.93038963   8.03302501   7.06085415   7.68825375]
 [ 12.91994227  11.76397783  11.91950839   9.79370493  11.43169891
   12.17175824  12.69415918  11.10568589   9.29386276  10.4742141 ]
 [ 22.11776647  19.8817189   20.18198629  15.9997358   19.23206841
   20.66421512  21.68270172  18.64105335  14.9943376   17.35203332]
 [ 47.13072593  42.08440384  42.76890192  33.27426166  40.62117195
   43.86030651  46.15077484  39.29846547  30.97280345  36.35681076]
 [129.8222689  115.6514903  117.5787775   90.87538951 111.54805977
  120.63921669 127.07181816 107.86524878  84.38327414  99.55605587]
 [488.50501544 434.85420694 442.20900353 341.27380495 419.4695418
  453.78291499 478.13488533 405.47935045 316.7486073  374.13929336]]","[[1.01817952 0.8748803  1.15855764 0.47849033 0.69962323 0.81988008
  0.8302674  0.61556481 0.67653332 0.47125285]
 [1.74119037 1.59612371 1.61673637 1.29262094 1.55059639 1.64991721
  1.71423852 1.50000203 1.19932591 1.40749484]
 [2.01194256 1.86684958 1.88750169 1.56336701 1.82133455 1.9202389
  1.98494286 1.77420314 1.4699928  1.67827351]
 [2.36270097 2.21760692 2.23823429 1.91415566 2.17206733 2.2717402
  2.33575623 2.12289615 1.82079284 2.02903493]
 [2.81722774 2.6721292  2.6927583  2.36859127 2.62658213 2.72611734
  2.79024866 2.5793206  2.27535264 2.48344097]
 [3.40611196 3.26100012 3.28167221 2.95750703 3.21547905 3.31439303
  3.3792221  3.16887995 2.86409247 3.07241643]
 [4.16909362 4.02413413 4.04465656 3.72055285 3.97847851 4.07689142
  4.14223511 3.93535517 3.62709691 3.83543872]
 [5.15773106 5.01260811 5.03332394 4.70914264 4.96711931 5.06565021
  5.13085393 4.92449934 4.61570756 4.82405324]
 [6.43868269 6.29347575 6.31424692 5.99009391 6.24806312 6.34653528
  6.41179071 6.20584632 5.89665243 6.10498817]
 [8.09832961 7.95281685 7.9737955  7.64966147 7.90776088 8.00611155
  8.07149332 7.86532872 7.55634275 7.76469598]]"
18,4.026509626453948,5.899800495236163,2.8771989619221046,5.931099092453708,4.0264227335770535,5.832021826209526,0.9326934814453125,0.9892418012898772,1.2537002563476562,0.9329818652847298,"[  4.0264226    4.51740858   4.99343064   5.91942511   7.75235275
  11.59504538  20.54104952  44.71390082 124.20684929 468.36871801]","[  5.93108044   6.02112727   6.36441112   7.1201132    8.75236652
  12.38109231  21.07757868  44.78764098 123.24680874 463.68343075]","[0.93301258 1.67596083 1.94668471 2.29745495 2.75195135 3.34082817
 4.10384492 5.09246583 6.37340104 8.03310711]","[4.0264226  4.0278632  4.0287464  4.0296363  4.03578974 4.05487371
 4.09707168 4.09245824 4.03401836 4.04857979]","[5.93109909 5.90684193 5.96354261 5.9705575  5.87501113 6.07577358
 6.19185322 6.18042063 5.99504918 6.05404293]","[0.93298187 0.97563449 0.88321585 0.87326955 1.04373861 0.74588769
 0.63352835 0.64373515 0.8403177  0.76960273]","[[  4.0264226    4.02786314   4.02874885   4.02963733   4.03570171
    4.0548026    4.09699142   4.0908492    4.03408842   4.12017583]
 [  4.51741922   4.56997585   4.42281967   4.53820258   4.574827
    4.42761512   4.20810279   4.24073034   4.29103016   4.28345796]
 [  4.99340728   5.0740208    4.84616921   5.02516419   5.08132779
    4.85374114   4.50807783   4.55956322   4.63804414   4.62665484]
 [  5.91940819   6.03779934   5.69968143   5.96566042   6.04848424
    5.71109527   5.15635295   5.24501466   5.37414354   5.35571004]
 [  7.75230476   7.93670217   7.40714706   7.82373405   7.95333104
    7.42513906   6.53898796   6.68032032   6.88869236   6.85913805]
 [ 11.5950618   11.9050129   11.01347529  11.71465262  11.93299148
   11.04389937   9.54440669   9.77980418  10.1339465   10.08324967]
 [ 20.54098365  21.13125141  19.43432706  20.76811952  21.18431798
   19.49249108  16.62325391  17.07349711  17.75561224  17.65897139]
 [ 44.71510075  46.03461239  42.22947262  45.22298561  46.15340701
   42.35920415  35.90371701  36.92795899  38.45062489  38.23501196]
 [124.21518134 127.89589262 117.2687613  125.6235027  128.22825336
  117.6321901   99.60383694 102.45581137 106.71564291 106.11185236]
 [468.39400138 482.29185468 442.17405698 473.73730058 483.54854332
  443.54100026 375.46387658 386.25797329 402.32286774 400.04291574]]","[[  5.93108514   5.90684248   5.96356347   5.97056519   5.87521663
    6.07553389   6.19165451   6.17639001   5.99538855   6.2466016 ]
 [  6.02113433   6.05663569   5.96074964   6.03500066   6.05993738
    5.96368996   5.85310454   5.86552597   5.88776702   5.88418129]
 [  6.36439349   6.42592104   6.25440871   6.38846012   6.43156751
    6.26004066   6.01496531   6.04950329   6.10378361   6.09580281]
 [  7.12009868   7.22206275   6.93329963   7.15986646   7.23131043
    6.9429176    6.49002908   6.56003526   6.66350149   6.64859715]
 [  8.75232236   8.9224854    8.43646533   8.81812375   8.93787705
    8.45287137   7.65772969   7.7823808    7.96801077   7.94155611]
 [ 12.3811081   12.67958469  11.82297804  12.49622511  12.70651933
   11.85210065  10.42487088  10.64749624  10.98337577  10.93524097]
 [ 21.07751425  21.65444154  19.99467583  21.2995422   21.70632312
   20.05154301  17.25086154  17.68972209  18.35479668  18.26053411]
 [ 44.78882138  46.08708533  42.34445072  45.28847719  46.20398748
   42.47198592  36.13271364  37.13746022  38.63194335  38.42026611]
 [123.25504591 126.89397378 116.38820655 124.6473503  127.2225737
  116.74744707  98.9308694  101.74873342 105.95807574 105.36140913]
 [463.70844604 477.45901233 437.76678876 468.99510112 478.70238969
  439.11921014 371.76760728 382.44631126 398.33973473 396.08409893]]","[[0.93300484 0.97563345 0.88318591 0.87325878 1.04323107 0.7461436
  0.63370442 0.64737164 0.83987849 0.58666474]
 [1.67596846 1.71258574 1.6040108  1.69067507 1.71582814 1.60788549
  1.39761823 1.43464029 1.48622908 1.47874725]
 [1.94667389 1.98330156 1.87474049 1.9612715  1.98655321 1.87866154
  1.66924079 1.70549276 1.75669013 1.74953312]
 [2.29744962 2.3340868  2.22551052 2.31194066 2.33732789 2.22938511
  2.01924552 2.05628625 2.10746126 2.10032573]
 [2.75194166 2.7885798  2.68000656 2.7662736  2.7918269  2.68387979
  2.4744278  2.5106627  2.56200999 2.55487008]
 [3.34083014 3.37746384 3.26888806 3.35510263 3.38071104 3.27276071
  3.06449609 3.0997696  3.15086411 3.14369022]
 [4.10384077 4.14046944 4.0318961  4.11807054 4.14370895 4.03578468
  3.82722437 3.86244682 3.91388809 3.90673264]
 [5.09249959 5.12908668 5.02051936 5.10670946 5.13232852 5.02438078
  4.81605324 4.85152084 4.90244945 4.89536311]
 [6.373485   6.41003175 6.30145658 6.38759514 6.41327982 6.30532976
  6.0970586  6.13240658 6.18340843 6.17630482]
 [8.03317458 8.0697241  7.9611668  8.04735349 8.07297694 7.96502511
  7.75674013 7.79216914 7.84310595 7.83600209]]"
19,4.876615622459623,5.842327196345247,3.4302295622907417,5.850461750331839,4.876490943414055,5.832021826209526,1.1165618896484375,1.1515973519271467,1.2537002563476562,1.1168013912493184,"[  4.87649092   5.37650571   5.87839031   6.85354614   8.82395394
  13.04047289  22.90339985  49.39404706 136.59963255 515.00390481]","[  5.85046433   6.17481494   6.62044928   7.53578418   9.43801268
  13.57642033  23.380806    49.96894239 137.78786489 518.58199633]","[1.11679174 1.81590874 2.08664115 2.43744913 2.89192792 3.4808183
 4.2438198  5.2324273  6.51344385 8.17305486]","[4.87649092 4.9228203  5.02341605 4.93804148 4.89631485 4.93841225
 5.07169513 5.25726572 5.02864829 4.99831962]","[5.85046175 5.95591915 6.10805442 5.98130394 5.90840414 5.9819088
 6.17464907 6.41600507 6.11539185 6.07230438]","[1.11680139 0.89432065 0.71245884 0.8584917  0.97270135 0.8576754
 0.64894864 0.45785325 0.70512618 0.74960358]","[[  4.87649092   4.92284205   5.02368514   4.93796459   4.89631063
    4.93797309   5.07433061   5.25701819   5.02885713   5.04360547]
 [  5.37654572   5.15187297   5.03617399   5.09780829   5.0079115
    5.20842975   4.98647824   4.92520401   4.97412404   5.08453683]
 [  5.87894008   5.53064666   5.34034445   5.44287653   5.29024944
    5.61956078   5.24948038   5.12020671   5.22622259   5.42223578]
 [  6.85353174   6.31765956   6.0065236    6.18258954   5.92159343
    6.45742027   5.8526913    5.6216231    5.81104907   6.14241545]
 [  8.82399496   7.95504075   7.4371318    7.73345197   7.29596533
    8.18502731   7.17918519   6.78448845   7.10976092   7.66367542]
 [ 13.04079144  11.55066797  10.64484144  11.16861024  10.39338495
   11.94665805  10.18955234   9.47273408  10.06054619  11.04493166]
 [ 22.90463828  20.06428712  18.32815025  19.3392482   17.84272887
   20.81335903  17.4319595   16.04870822  17.19717657  19.09771974]
 [ 49.40937896  43.0495318   39.1549529   41.43002631  38.06362976
   44.72582337  37.14083695  34.03131775  36.61368863  40.88322728]
 [136.61365979 118.82335328 107.9090127  114.28099346 104.84903699
  123.55115451 102.28594588  93.52878832 100.78226777 112.75277242]
 [515.14662692 447.75713139 406.54028158 430.67483322 394.97111453
  465.62669803 385.2128198  352.14457854 379.58416011 424.86246657]]","[[  5.85047603   5.95595597   6.10843302   5.98117852   5.90839594
    5.98119238   6.17828658   6.41569146   6.11568313   6.13596896]
 [  6.17484931   5.99041019   5.90565883   5.94981091   5.88678399
    6.03494753   5.87310835   5.8396681    5.86543709   5.94012003]
 [  6.62094869   6.30946889   6.14387403   6.23238712   6.10181269
    6.38824947   6.068255     5.96644217   6.04926869   6.21439309]
 [  7.53577038   7.02764291   6.73742355   6.90088318   6.65982749
    7.15933356   6.59711462   6.39008999   6.55943178   6.86330537]
 [  9.43805245   8.59672182   8.09798895   8.38330778   7.96164614
    8.81944753   7.84881192   7.4697804    7.78190128   8.3161681 ]
 [ 13.57673487  12.10682552  11.21810297  11.73196213  10.97140258
   12.49646134  10.77158695  10.06993225  10.64521606  11.6107973 ]
 [ 23.38204329  20.54601525  18.81463686  19.82267383  18.33133144
   21.29342803  17.92271326  16.54946927  17.68931755  19.58172292]
 [ 49.98436751  43.58868262  39.67563726  41.96111799  38.57974435
   45.27381697  37.6533235   34.52964716  37.12373072  41.4117164 ]
 [137.80199557 119.88224172 108.89064972 115.30749866 105.80938796
  124.6440621  103.22861143  94.4121309  101.7146227  113.76845453]
 [518.72563723 450.9038254  409.42436562 433.71249818 397.78179744
  468.88770694 387.96171708 354.68504096 382.29747366 427.86309188]]","[[1.11674794 0.89426622 0.71207821 0.85866116 0.97271667 0.85864243
  0.645658   0.45807382 0.70483697 0.68503287]
 [1.81593569 1.64118415 1.5202977  1.58917012 1.48420334 1.69061976
  1.45379527 1.34074887 1.43440325 1.57540457]
 [2.08688638 1.91190966 1.79102413 1.85912426 1.75493335 1.96114529
  1.72388597 1.61147122 1.70525735 1.84600794]
 [2.43744486 2.26268493 2.14179943 2.21230149 2.10570924 2.31174823
  2.07508103 1.96224713 2.05597587 2.19668879]
 [2.89193549 2.71717999 2.59629426 2.66734654 2.5602974  2.76655976
  2.52938023 2.41674456 2.51052614 2.65110885]
 [3.48085293 3.30606283 3.18517664 3.25669589 3.14908414 3.35513173
  3.11893311 3.00569007 3.09941421 3.24025088]
 [4.24389077 4.06907072 3.94818484 4.02005648 3.91211091 4.11768094
  3.88072521 3.76863111 3.86241483 4.00326956]
 [5.23282117 5.05768392 4.93680384 5.00883962 4.90070577 5.10629485
  4.86934008 4.75724958 4.85104304 4.99190429]
 [6.51357257 6.33862654 6.21774513 6.28973171 6.18164201 6.387562
  6.15057633 6.03819213 6.13198463 6.27284149]
 [8.17340122 7.99815046 7.87744053 7.94952845 7.84135255 8.04706705
  7.8100817  7.69788904 7.79168218 7.93254364]]"
